data-page-selector,Image,Title,Ratings,Review,Monthly Sales,Price,Product Identified
https://www.amazon.in/ZIVIK-Magnifying-Newspaper-Extensions-Magnifier/dp/B09BB45JXG/ref=zg_bs_g_3591020031_d_sccl_15/521-8137478-2842638?psc=1,https://m.media-amazon.com/images/I/61rD8oKzdoL._SX679_.jpg,"ZIVIK Magnifying Glass with 3 Led Light 3X & 45X Big Size Zoom Lenses for Seniors, Book and Newspaper Reading, Eyelash Extensions Magnifier Glass (Black and White) Size :-7.56 X 3.31",4.4,"1,131",900+ bought in past month,375,Zivik Magnifying Glass 3 Led Light
https://www.amazon.in/Climberty%C2%AE-Bulletin-30x30cm-Self-Adhesive-Schedules/dp/B0D1G7VW55/ref=zg_bs_g_3591020031_d_sccl_14/521-8137478-2842638?psc=1,https://m.media-amazon.com/images/I/61FQRhiybKL._SX679_.jpg,"Climberty® 6Pcs Black Felt Bulletin Board, 30x30cm Self-Adhesive Wall Boards with 50pcs Drawing Pins, Felt Message Board for Paste Notes, Photos, Schedules (Black)",4.5,429,900+ bought in past month,873,Felt Bulletin Board
https://www.amazon.in/UCRAVO-Stackable-Compartments-Multi-Functional-Stationery/dp/B0FP2MV5N8/ref=zg_bs_g_3591020031_d_sccl_10/521-8137478-2842638?psc=1,https://m.media-amazon.com/images/I/61RQ3p2wEpL._SX679_.jpg,"UCRAVO Stylish Stackable Desk Organizer with 2 Drawers and 5 Compartments– Multi-Functional Desktop Storage Box with Pen Holder for Home, Office, School, Craft Supplies, and Art Stationery - Blue",4.1,298,900+ bought in past month,178,Stackable Desk Organizer
https://www.amazon.in/Amitasha-Acrylic-Painting-Calligraphy-Doodling/dp/B0CT93YD4Q/ref=zg_bs_g_3591019031_d_sccl_25/521-8137478-2842638?psc=1,https://m.media-amazon.com/images/I/717Ma+N+8-L._SX679_.jpg,"Amitasha 24 Shades Acrylic Markers Pen Paint Set for Rock Painting, Wood Paint Art Craft Calligraphy Drawing, Glass Ceramic, Journal, Doodling, Writing Books, Perfect for Sketching",4.1,792,900+ bought in past month,299,Amitasha 24 Shades Acrylic Markers Pen
https://www.amazon.in/Navneet-Youva-Canvas-Board-12x16/dp/B08BCM4R2B/ref=zg_bs_g_3591019031_d_sccl_23/521-8137478-2842638?psc=1,https://m.media-amazon.com/images/I/61rWd8AHZXL._SX679_.jpg,Navneet Youva | Primed Canvas Board for Acrylic and Oil Colour Painting | 12x16 inch | for Students and Budding Artists (12x16 inch | Pack of 1),4.5,900,900+ bought in past month,127,Primed Canvas Board
https://www.amazon.in/KALP-Talking-illustrated-Ink-Bleed-Hard-bound/dp/B0BQN515DF/ref=zg_bs_g_3591019031_d_sccl_3/521-8137478-2842638?psc=1,https://m.media-amazon.com/images/I/41igSswM8aL._SY300_SX300_QL70_FMwebp_.jpg,"KALP 2026 Dated Planner Kit | Includes 450+ Stickers, Pocket Diary, Magnetic Bookmark, Activity Book, Posters & Eco-Friendly Pen | A5, 400 Pages, No Ink-Bleed, Hardbound (The Talking Diary)",4.4,374,900+ bought in past month,"1,424",Kalp 2026 Dated Planner Kit Includes
https://www.amazon.in/AICA-Personalized-Charm-Leather-Notebook/dp/B0DF7JDCYW/ref=zg_bs_g_3591019031_d_sccl_12/521-8137478-2842638?psc=1,https://m.media-amazon.com/images/I/51hw-V8dYgL._SX679_.jpg,AICA Personalized Name & Charm Leather HardCover Diary (Black)Daily Diaries Diary for Mens|Gifts For Teenage Boys|Secret Santa GiftsIdeas|Journal Notebooks|Corporate Gifts for Employees|Christmas Gift,4.3,362,900+ bought in past month,359,Aica Personalized Name Charm Leather Hardcover
https://www.amazon.in/Anupam-Journal-Squared-Notebook-Engineering/dp/B0CLYHSMTV/ref=zg_bs_g_3591019031_d_sccl_10/521-8137478-2842638?psc=1,https://m.media-amazon.com/images/I/21cCrkBVUOL._SY300_SX300_QL70_FMwebp_.jpg,"Anupam Fluct A5 Graph Journal | 160 Pages | 80gsm | Matte Finish PVC Cover Notebook | pH Neutral And Acid Free Paper | Matching Elastic Closure | Graph Sheets Good For Journaling, Offices (Black)",4.2,531,900+ bought in past month,201,Anupam Fluct A5 Graph Journal 160
https://www.amazon.in/Casio-FX-82ES-Plus-2nd-Non-Programmable/dp/B082P6TTMP/ref=zg_bs_g_3591018031_d_sccl_10/521-8137478-2842638?psc=1,https://m.media-amazon.com/images/I/61w1PMHiZoL._SX679_.jpg,"Casio FX-82ES Plus 2nd Edition - Non-Programmable Scientific Calculator, 252 Functions",4.2,"8,155",900+ bought in past month,722,Casio Fx 82Es Plus 2Nd Edition
https://www.amazon.in/Amazon-Basics-12-Digit-Display-Calculator/dp/B0CZML7TRJ/ref=zg_bs_g_3591018031_d_sccl_3/521-8137478-2842638?psc=1,https://m.media-amazon.com/images/I/71JVSfjW56L._SX679_.jpg,amazon basics AB-512 12-Digit Display Basic Calculator(Black),4.2,933,900+ bought in past month,329,Amazon Basics Ab 512 12 Digit
https://www.amazon.in/Happiness-Planner-Stickers-Bookmarks-Activity/dp/B0CJRSR7W1/ref=zg_bs_g_3591015031_d_sccl_4/521-8137478-2842638?psc=1,,"Doodle Happiness Planner 2026 – B5 Wiro Planner + 64-Page Pocket Book + 250+ Stickers | 268 Pages, 80 GSM | Premium Gift Box, Tear-Away Note & Quote Cards | Activity & To-Do Pages (Bright Garden)",4.6,749,900+ bought in past month,499,Doodle Happiness Planner 2026 B5 Wiro
https://www.amazon.in/Scotch-Extreme-Surfaces-Resistant-Interior/dp/B0BZ3WNQ5T/ref=zg_bs_g_3591020031_d_sccl_4/521-8137478-2842638?psc=1,https://m.media-amazon.com/images/I/61HfkIB-2rL._SX679_.jpg,"Scotch Extreme Double Sided Tape by 3M, 1M Holds 6.7Kg, Works On Uneven Surfaces, Weather Resistant, Works On Indoor, Outdoor, Auto Interior Surfaces, (L: 1.5m, W: 19mm), Black",3.9,"7,777",8K+ bought in past month,0,Scotch Extreme Double Sided Tape 3M
https://www.amazon.in/JK-Copier-Paper-Sheets-Ream/dp/B00MVV81MK/ref=zg_bs_g_3591019031_d_sccl_1/521-8137478-2842638?psc=1,,"JK Copier Paper - A4, 75 GSM, 1 Ream, 500 Sheets",4.1,"19,982",8K+ bought in past month,0,Jk Copier Paper A4 75 Gsm
https://www.amazon.in/LifeKrafts-Industrial-Powerful-Refrigerator-Projects/dp/B07XLRW6P2/ref=zg_bs_g_3591020031_d_sccl_17/521-8137478-2842638?psc=1,https://m.media-amazon.com/images/I/610ntgO2CUL._SX679_.jpg,"LifeKrafts Ceramic Magnets | 18×5 mm Round Disc | Pack of 10 | Grade 11 Small Strong Magnets | Multipurpose DIY, Craft, Refrigerator, Home, Office & School Use",4.3,"1,000",800+ bought in past month,149,Lifekrafts Ceramic Magnets 18 5 Mm
https://www.amazon.in/Lifekrafts-Magnetic-White-Board-Sheet/dp/B0753GZNSX/ref=zg_bs_g_3591020031_d_sccl_8/521-8137478-2842638?psc=1,https://m.media-amazon.com/images/I/61IswvSo-9L._SX679_.jpg,"Lifekrafts Magnetic White Board Planner Sheet | Size : (43x28) cms | Includes 4 Marker Pens, 1 Eraser | Daily Routine Responsibility, Self-Care, Reminders, Notes and More for Kids and Adults",4.4,"3,389",800+ bought in past month,449,Lifekrafts Magnetic White Board Planner Sheet
https://www.amazon.in/CPENSUS-Acrylic-Writing-Message-Rewritable/dp/B0BYDVWMCG/ref=zg_bs_g_3591020031_d_sccl_28/521-8137478-2842638?psc=1,https://m.media-amazon.com/images/I/81Q89KnRgHL._SX679_.jpg,CPENSUS Diy 3D Acrylic Writing Pad With Pen Message Board Rewritable Table Lamp For Study Led Light Office Home Decor Gift,3.9,296,800+ bought in past month,749,Cpensus Diy 3D Acrylic Writing Pad
https://www.amazon.in/Wynhard-Pencils-Coloring-Sketching-Beginners/dp/B0BXCZ5LXS/ref=zg_bs_g_3591019031_d_sccl_20/521-8137478-2842638?psc=1,https://m.media-amazon.com/images/I/61Lzy2NUYcL._SX679_.jpg,Wynhard Oil Colour Pencils Drawing Colour Pencils Colour Pencil Set Pencil Colours Colored Pencils Color Pencil Set for Coloring Book for Adults Kids Sketching Shading Beginners Pencil Coloring 72 Pcs,4.5,670,800+ bought in past month,0,Wynhard Oil Colour Pencils Drawing Colour
https://www.amazon.in/GDNK-Scrapbook-Journaling-Aesthetic-Moonlight/dp/B0DQVFJZSV/ref=zg_bs_g_3591019031_d_sccl_22/521-8137478-2842638?psc=1,,"GDNK 346pcs Vintage Journal Scrapbook Pack Kit for Art Journaling Bullet, Planners DIY Paper Stickers, Craft Kits Notebook, Collage Album Aesthetic Sticker (Moonlight) (Purple Butterfly)",4.5,408,800+ bought in past month,399,Gdnk 346Pcs Vintage Journal Scrapbook Kit
https://www.amazon.in/CLIMBERTY%C2%AE-Rechargeable-Pointer-Presentations-Stargazing/dp/B0C5CVXS2D/ref=zg_bs_g_3591018031_d_sccl_7/521-8137478-2842638?psc=1,,"CLIMBERTY® Laser Light USB Rechargeable Green Laser Pointer, 2000 Metres Laser Pointer High Power Pen, Cat Laser Toy, Long Range Green Laser Pointer for Presentations, Stargazing, Hiking (Green Light)",4,520,800+ bought in past month,549,Climberty Laser Light Usb Rechargeable Green
https://www.amazon.in/Casio-DJ-120D-Business-Calculator/dp/B007Q83LVE/ref=zg_bs_g_3591018031_d_sccl_6/521-8137478-2842638?psc=1,https://m.media-amazon.com/images/I/410j6Aey70L._SY300_SX300_QL70_FMwebp_.jpg,Casio DJ-120D 150 Steps Check and Correct Desktop Calculator with Bigger Screen/Keys (12 Digit),4.2,"3,749",800+ bought in past month,755,Casio Dj 120D 150 Steps Check
https://www.amazon.in/AccuPrints-Meal-Planner-Magnetic-Landscape/dp/B0DFHF6JW7/ref=zg_bs_g_3591015031_d_sccl_2/521-8137478-2842638?psc=1,https://m.media-amazon.com/images/I/41rb+rEj6cL.jpg,"AccuPrints Weekly Meal Planner Vinyl, Magnetic White Board Planner Sheet (30x30cm, Landscape) with Marker Pen - Dry Erase Flexible Writing Film for Kitchen Fridge/Office Godrej/Metal Wardrobe",4.2,449,800+ bought in past month,229,Accuprints Weekly Meal Planner Vinyl Magnetic
https://www.amazon.in/AccuPrints%C2%AE-Calendar-2026-Size-Standing-Desktop/dp/B0818484TJ/ref=zg_bs_g_3591015031_d_sccl_29/521-8137478-2842638?psc=1,,AccuPrints® Desk Calendar 2026 Planner-A5 Size (5.8 x 8.2) inch For Office Home Table New Year Hanging Kids (14 x 20.5) cm- (Colour Desk),4.2,"1,485",800+ bought in past month,229,Accuprints Desk Calendar 2026 Planner A5
https://www.amazon.in/LAURET-BLANC-Standing-Calendar-Organiser/dp/B08R94D5HC/ref=zg_bs_g_3591015031_d_sccl_16/521-8137478-2842638?psc=1,,"LAURET BLANC Standing Table, Desk Calendar 2026 Planner and Organiser- B5 Size (7.5"" x 9.25"") Home and Office Calendar",4.4,891,800+ bought in past month,284,Lauret Blanc Standing Table Desk Calendar
https://www.amazon.in/Calendar-Monthly-Months-Standing-Office/dp/B0BMQ8M94Q/ref=zg_bs_g_3591015031_d_sccl_10/521-8137478-2842638?psc=1,https://m.media-amazon.com/images/I/61ACnChZg2L._SX679_.jpg,2026 Desk Calendar Mini Monthly Calendar 13 Months Standing Flip Calendar for Home Office Black (Brown),4.4,"1,494",800+ bought in past month,249,2026 Desk Calendar Mini Monthly Calendar
https://www.amazon.in/UCRAVO-Nano-Double-Sided-Heavy/dp/B08GYDZ6SF/ref=zg_bs_g_3591020031_d_sccl_3/521-8137478-2842638?psc=1,,UCRAVO Double Sided Tape Heavy Duty - Multipurpose Removable Traceless Mounting Adhesive Tape for Walls，Washable Reusable Strong Sticky Strips Grip Tape,4,"26,075",7K+ bought in past month,199,Ucravo Double Sided Tape Heavy Duty
https://www.amazon.in/UCRAVO-Nano-Double-Sided-Heavy/dp/B08GYDZ6SF/ref=zg_bs_g_3591019031_d_sccl_2/521-8137478-2842638?psc=1,,UCRAVO Double Sided Tape Heavy Duty - Multipurpose Removable Traceless Mounting Adhesive Tape for Walls，Washable Reusable Strong Sticky Strips Grip Tape,4,"26,075",7K+ bought in past month,199,Ucravo Double Sided Tape Heavy Duty
https://www.amazon.in/SHUTTLE-ART-Sticky-Repositionable-Transparent/dp/B0CLP296GK/ref=zg_bs_g_3591020031_d_sccl_28/521-8137478-2842638?psc=1,https://m.media-amazon.com/images/I/616Nn2plxhL._SX679_.jpg,"SHUTTLE ART Sticky Book Tabs, Book Markers, Repositionable Book Flags Strip, Writable Transparent for School Supplies and Office Supplies Colorful Sticky Book Tabs (1 Packs | 200 Pcs Notes)",4.4,782,700+ bought in past month,139,Shuttle Art Sticky Book Tabs Book
https://www.amazon.in/Climberty%C2%AE-Waterproof-Flashlight-Rechargeable-Construction/dp/B0F1N5VS86/ref=zg_bs_g_3591020031_d_sccl_19/521-8137478-2842638?psc=1,https://m.media-amazon.com/images/I/615i5xUnBCL._SX679_.jpg,"Climberty® Powerful LED Green Laser Pointer, Waterproof Flashlight, 10000m Long Range, USB Rechargeable, 8 Pattern Projection Suitable for Stargazing Teaching Hiking and Construction Sites",4,102,700+ bought in past month,997,Climberty Powerful Led Green Laser Pointer
https://www.amazon.in/SPS-Leather-24-Pocket-File-Organizer/dp/B0DJ1WVRFV/ref=zg_bs_g_3591020031_d_sccl_18/521-8137478-2842638?psc=1,https://m.media-amazon.com/images/I/710jVLKmKQL._SX679_.jpg,"SPS PU Leather 24-Pocket A4 File Organizer – Professional Document Holder for Certificates, Legal Documents, Home, Office, School Use (Black)",4.3,744,700+ bought in past month,397,Sps Pu Leather 24 Pocket A4
https://www.amazon.in/Latest-TTD-Tirumala-Devasthanams-Multicolor/dp/B0CNTW3RFY/ref=zg_bs_g_3591019031_d_sccl_19/521-8137478-2842638?psc=1,https://m.media-amazon.com/images/I/71WqeVE2-CL._SY522_.jpg,,4.7,40,700+ bought in past month,299,Nan
https://www.amazon.in/Parker-Vector-Mettalix-Fountain-Bottle/dp/B00LZPT1A4/ref=zg_bs_g_3591019031_d_sccl_5/521-8137478-2842638?psc=1,https://m.media-amazon.com/images/I/41zlgI5WZdL._SY300_SX300_QL70_FMwebp_.jpg,"Parker Vector Mettalix Chrome Trim Fountain Pen with Quink Ink Bottle - Blue | Refillable Fountain Pen for Professionals, Students | Ergonomically crafted for comfortable, fatigue-free writing",4.2,"8,393",700+ bought in past month,0,Parker Vector Mettalix Chrome Trim Fountain
https://www.amazon.in/Casio-Non-Programmable-Scientific-Calculator-Functions/dp/B07TTGZWS1/ref=zg_bs_g_3591018031_d_sccl_8/521-8137478-2842638?psc=1,https://m.media-amazon.com/images/I/61HXfPgQcqL._SX679_.jpg,"Casio FX-991MS 2nd Gen Non-Programmable Scientific Calculator, 401 Functions and 2-line Display",4.4,"5,993",700+ bought in past month,"1,157",Casio Fx 991Ms 2Nd Gen Non
https://www.amazon.in/NFIL3D-50Meter-Multicolor-Filament-Colors/dp/B0DRJXHV4Z/ref=zg_bs_g_3591018031_d_sccl_14/521-8137478-2842638?psc=1,https://m.media-amazon.com/images/I/81YGuTfO8wL._SX679_.jpg,NFIL3D 11pcs Multicolor Filament of 3D Pen 5Meter Each | 3D Pen Filament | 3D Pen Refill | 3D Pen for Kids | Compatible with All 3D Pens | 1.75mm | (Set of 10Pcs) + 1Free (Pack of 11),4,393,700+ bought in past month,219,Nfil3D 11Pcs Multicolor Filament 3D Pen
https://www.amazon.in/AccuPrints%C2%AE-Calendar-Planner-A5-Office-Hanging/dp/B08Q8KFVQ7/ref=zg_bs_g_3591015031_d_sccl_23/521-8137478-2842638?psc=1,https://m.media-amazon.com/images/I/61JHhBgoM+L.jpg,AccuPrints® Wall Calendar 2026 Planner-Size (14 x 20) inch For Office Home Table New Year Hanging Kids (35.5 x 50) cm- (14 x 20 Blue),4.2,"1,842",700+ bought in past month,265,Accuprints Wall Calendar 2026 Planner Size
https://www.amazon.in/Kaameri-Bazaar-January-Calendar-Motivational/dp/B0DP2S1Y2N/ref=zg_bs_g_3591015031_d_sccl_17/521-8137478-2842638?psc=1,https://m.media-amazon.com/images/I/613qF2GHg1L._SX679_.jpg,Black Wiro January 2026 to December 2026 Desk Calendar with Motivational Quotes | A5 Black and White Table Calendar | 170 GSM,4.1,80,700+ bought in past month,199,Black Wiro January 2026 To December
https://www.amazon.in/Gratitude-Journal-Journaling-Stickers-Supplies/dp/B08LSGD2V7/ref=zg_bs_g_3591015031_d_sccl_6/521-8137478-2842638?psc=1,https://m.media-amazon.com/images/I/31LWVKAqQ2L._SY300_SX300_QL70_FMwebp_.jpg,"Find Your Balance 2026 Planner | 4-Month Undated Productivity & Wellness Journal with Habit | Mood & Gratitude Trackers (White, Find Your Balance)",4.5,"2,904",700+ bought in past month,729,Find Your Balance 2026 Planner 4
https://www.amazon.in/JK-Easy-Copier-Paper-Sheets/dp/B00MVV9NUY/ref=zg_bs_g_3591019031_d_sccl_5/521-8137478-2842638?psc=1,,"JK Easy Copier Paper | A4 Size | 70 GSM | 500 Sheets | White Paper, 1 Ream | For Laserjet & Inkjet Printer | Fast Drying | Both Side Print | Eco Friendly | ColorLok (Pack of 1) | One Ream",4.2,"14,152",6K+ bought in past month,0,Jk Easy Copier Paper A4 Size
https://www.amazon.in/Pidilite-Ultimate-Adhesive-Students-FMR800150000001/dp/B00LXTFC28/ref=zg_bs_g_3591020031_d_sccl_6/521-8137478-2842638?psc=1,,"Fevicol MR 500 GM Craft Glue | Ultimate Adhesive| DIY Art & Craft | Easy to use | Multi-surface | Ideal for Children, Hobbyists, Student’s Project Work",4.5,"5,946",600+ bought in past month,196,Fevicol Mr 500 Gm Craft Glue
https://www.amazon.in/COI-Daily-Planner-2026-2027-January/dp/B0G2MGJG3X/ref=zg_bs_g_3591019031_d_sccl_24/521-8137478-2842638?psc=1,https://m.media-amazon.com/images/I/315+NdoKA-L._SY300_SX300_QL70_FMwebp_.jpg,"COI Daily Planner 2026-2027, 18 Month Planner with Tabs, January 2026 - June 2027, 2026 Planner Weekly and Monthly Academic Year Calendar, Spiral Time Management Manual, A5 Size, Black",4.7,33,600+ bought in past month,299,Coi Daily Planner 2026 2027 18
https://www.amazon.in/Whaline-Self-Outline-Metallic-Stationery-Birthday/dp/B083DF2WDB/ref=zg_bs_g_3591019031_d_sccl_9/521-8137478-2842638?psc=1,https://m.media-amazon.com/images/I/81ajjgsyZxL._SX679_.jpg,"Whaline Double Line Chisel Point Outline Pens, 12 Colors Self-Outline Drawing Metallic Markers, Stationery for Gift Card Writing, Birthday Greeting, Scrap Booking",4.1,"6,671",600+ bought in past month,175,Whaline Double Line Chisel Point Outline
https://www.amazon.in/Niwlix-Scrapbook-Notebook-Aesthetic-Journaling/dp/B0FB94SBST/ref=zg_bs_g_3591019031_d_sccl_1/521-8137478-2842638?psc=1,https://m.media-amazon.com/images/I/71Bz9ZI6SCL._SX679_.jpg,"Niwlix Scrapbook Kit with A6 Grid Notebook, Bullet Junk Journals, DIY Gift Aesthetic Journaling Supplies for Teen Girl Women (Brown Kit)",4.5,55,600+ bought in past month,353,Niwlix Scrapbook Kit A6 Grid Notebook
https://www.amazon.in/HT20-Wireless-Connectivity-Induction-Supermarket/dp/B0CPDPTHVN/ref=zg_bs_g_3591018031_d_sccl_22/521-8137478-2842638?psc=1,,Helett® HT20™ Wireless 2.4GHz 2D & 1D Barcode Scanner (QR Code & Barcode) Wired & Wireless(Rechargeable) Connectivity | Induction Scanning with Built-in Illumination Light |Strong ABS(1-Year Warranty),4.1,773,600+ bought in past month,"2,279",Helett Ht20 Wireless 2 4Ghz 2D
https://www.amazon.in/Gift-Kya-Organizer-Perpetual-Eco-Friendly/dp/B083F3863T/ref=zg_bs_g_3591015031_d_sccl_19/521-8137478-2842638?psc=1,https://m.media-amazon.com/images/I/71HsesWYD4L._SX679_.jpg,Gift Kya De 2026 Lifetime Desk Calendar with Desk Organizer & Photo Frame | Reusable Wooden Perpetual Calendar for Office & Home Decor | Eco-Friendly Tabletop Calendar | New Year Gift (Bamboo),4.2,555,600+ bought in past month,549,Gift Kya De 2026 Lifetime Desk
https://www.amazon.in/AGARO-Compressed-Duster-48000RPM-Portable/dp/B0C1GY4Q2N/ref=zg_bs_g_3591020031_d_sccl_11/521-8137478-2842638?psc=1,https://m.media-amazon.com/images/I/71knuFDsYwL._SX679_.jpg,"AGARO Compressed Air Duster,Air Blower, Powerful 48000 RPM, Variable Speed, Copper Motor, Air Spray/Blower for Electronics & Inflatables, Dust Cleaner for Computer, Laptop, Home, Car & Office, AD1719",4.4,928,500+ bought in past month,"2,599",Agaro Compressed Air Duster Air Blower
https://www.amazon.in/Thermal-57mmx30mm-Self-Adhesive-Printer-Receipt/dp/B0D3WYZKHF/ref=zg_bs_g_3591020031_d_sccl_5/521-8137478-2842638?psc=1,https://m.media-amazon.com/images/I/51VrYEr-0YL._SX679_.jpg,"Seznik Thermal Lables, 50mmx30mm Labels, 2 inch Self-Adhesive Thermal Labels for Thermal Printer [Printer NOT Included] (50mmx30mm - 1000 Lables)",4.3,272,500+ bought in past month,298,Seznik Thermal Lables 50Mmx30Mm Labels 2
https://www.amazon.in/DOODLE-Daily-Minute-Gratitude-Journal/dp/B0F99C5PHK/ref=zg_bs_g_3591020031_d_sccl_26/521-8137478-2842638?psc=1,https://m.media-amazon.com/images/I/71y9kwOFb+L._SY879_.jpg,"DOODLE Daily 5 Minute Gratitude Journal - Positivity, Wellness & Mindfulness Journal for Teens & Adults - 90-Day Habit Builder | 112 Undated Pages | A5 | Guided Prompts & Fun Activities",4.4,110,500+ bought in past month,199,Doodle Daily 5 Minute Gratitude Journal
https://www.amazon.in/Amazon-Basics-70gsm-Thermal-Printer/dp/B0DJZHXTCH/ref=zg_bs_g_3591020031_d_sccl_25/521-8137478-2842638?psc=1,https://m.media-amazon.com/images/I/61V0wZpC5jL._SX679_.jpg,"Amazon Basics 70gsm Thermal Label Printer Paper - 4"" x 6"" (100 x 150 mm)| Ideal for Shipping, Parcel, Barcode, and Address Labels - 400 Labels per Roll (Pack of 4)",4.1,"19,673",500+ bought in past month,"1,199",Amazon Basics 70Gsm Thermal Label Printer
https://www.amazon.in/Amazon-Basics-Digital-electronic-keypad/dp/B078K2YPRW/ref=zg_bs_g_3591020031_d_sccl_22/521-8137478-2842638?psc=1,https://m.media-amazon.com/images/I/81herOPgvYL._SX679_.jpg,"Amazon Basics Digital Safe With Electronic Keypad Locker For Home, Gross Capacity - 58L (Net - 51L), Black",4,"75,013",500+ bought in past month,"6,599",Amazon Basics Digital Safe Electronic Keypad
https://www.amazon.in/GRANOTONE-Acrylic-Pigment-Non-Craking-Earthenware/dp/B0BHZHLHMF/ref=zg_bs_g_3591019031_d_sccl_7/521-8137478-2842638?psc=1,https://m.media-amazon.com/images/I/61sICB3CPzL._SX679_.jpg,GRANOTONE Acrylic Colour White 500 ml Rich Pigment Water Based Non Cracking Paint for Canvas Wood Leather Glass Metal Art Craft DIY,4.3,923,500+ bought in past month,280,Granotone Acrylic Colour White 500 Ml
https://www.amazon.in/GATE-Automatic-Projector-Brightest-Projectors/dp/B0FGY9P9CP/ref=zg_bs_g_3591018031_d_sccl_26/521-8137478-2842638?psc=1,https://m.media-amazon.com/images/I/71yfwIiyFnL._SX679_.jpg,"E GATE Atom 4X+ Fully Automatic Projector 4k Ultra HD | Whale TV+ Live TV on Android | Brightest 400 ISO | Native 1080p, Netflix, Prime | USB-HDMI ARC+CEC | HDR+HLG | WiFi 6, BT, Egate Projectors Gold",4.3,731,500+ bought in past month,"9,990",E Gate Atom 4X Fully Automatic
https://www.amazon.in/TECHNOVIEW-Definition-Recorder-Recording-Meetings/dp/B0CDSCVPRP/ref=zg_bs_g_3591018031_d_sccl_17/521-8137478-2842638?psc=1,https://m.media-amazon.com/images/I/51340Ta2j2L._SX679_.jpg,"TECHNOVIEW 360 High Definition HD USB Voice Recorder, Clear Audio Recording Pen Drive 8 GB Memory inbuilt for Home,Office,Meetings (USB 8 GB Voice Recorder)",3.8,904,500+ bought in past month,849,Technoview 360 High Definition Hd Usb
https://www.amazon.in/amazon-basics-Printer-Cartridge-M1213nf/dp/B0CYLR6DW2/ref=zg_bs_g_3591018031_d_sccl_14/521-8137478-2842638?psc=1,,"amazon basics 88A/CC388A Laser Toner Printer Cartridge | for HP Laser Jet P1007/P1008/P1106/P1108, Pro M1136/M1213nf/M1216, Pro M202dw / MFP M128/ M226 | Up to 1500 Pages Yield (Black)",4.1,391,500+ bought in past month,390,Amazon Basics 88A Cc388A Laser Toner
https://www.amazon.in/HP-Smart-Colour-Printer-Included/dp/B0BN1XT6TF/ref=zg_bs_g_3591018031_d_sccl_2/521-8137478-2842638?psc=1,https://m.media-amazon.com/images/I/31u6f4UOYhL._SY300_SX300_QL70_FMwebp_.jpg,"HP Smart Tank 589 All-in-One WiFi Colour Printer |Up to 4000 Black & 6000 Colour Prints I Print,Scan & Copy for Home/Office",4,"2,791",500+ bought in past month,"13,299",Hp Smart Tank 589 All In
https://www.amazon.in/Lifelong-Lightbeam-Projector-Resolution-Rotabable/dp/B0D6BS8S1N/ref=zg_bs_g_3591018031_d_sccl_1/521-8137478-2842638?psc=1,https://m.media-amazon.com/images/I/611isCGPSBL._SX679_.jpg,"Lifelong Electronics Lightbeam Smart Projector | Android, 1080P& 4K Ultra Support, 3000 Lumens, 720p Native | for Room & Outdoors | All OTT Apps | WiFi/BT, Mirroring, USB, HDMI, 180°, Speakers",4,691,500+ bought in past month,"5,499",Lifelong Electronics Lightbeam Smart Projector Android
https://www.amazon.in/Portronics-Projector-Resolution-Rotatable-Streaming/dp/B0CQG7XMXC/ref=zg_bs_g_3591018031_d_sccl_21/521-8137478-2842638?psc=1,https://m.media-amazon.com/images/I/51bGfdFAG5L._SX679_.jpg,"Portronics Beem 440 Smart LED Projector with 720p HD Resolution, Rotatable Design, Built-in Streaming Apps (Netflix, Prime Video, Hotstar), 2000 Lumens, Screen Mirroring, 3 Watts Speaker (White)",4,"2,329",500+ bought in past month,"5,094",Portronics Beem 440 Smart Led Projector
https://www.amazon.in/Amazon-6-Sheet-Shredder-Capacity-Warranty/dp/B0DV5BM4W8/ref=zg_bs_g_3591018031_d_sccl_20/521-8137478-2842638?psc=1,https://m.media-amazon.com/images/I/512MjCiZNRL._SX679_.jpg,"Amazon Basics 6-Sheet Strip Cut Paper & Credit Card Shredder, 10 Liter Waste Basket Capacity|for Office and Home Usage| 1 Year Brand Warranty",4.1,"124,597",500+ bought in past month,"2,139",Amazon Basics 6 Sheet Strip Cut
https://www.amazon.in/WOL-3D-Filaments-White/dp/B06Y35GHT8/ref=zg_bs_g_3591018031_d_sccl_17/521-8137478-2842638?psc=1,,"WOL3D 1kg 2025 PLA PRO+ (Daisy White) 3D Printing Filament – Improved Formula for Enhanced Strength, Eco-Friendly, Compatible with Most FDM 3D Printers, Made in India.",3.9,"1,233",500+ bought in past month,849,Wol3D 1Kg 2025 Pla Pro Daisy
https://www.amazon.in/Thermal-Continuous-Printer-Machine-White-57mm/dp/B0D3WXLSPZ/ref=zg_bs_g_3591018031_d_sccl_15/521-8137478-2842638?psc=1,https://m.media-amazon.com/images/I/51+J7+Rs1kL._SX679_.jpg,"Seznik Sticky Adhesive Thermal Paper Rolls, Continuous 57mm Width Thermal Paper, 2 inch Thermal Paper for Mini Thermal Printer (White-57mm Width - Continuous Sticky Roll-Pack of 5)",4.3,550,500+ bought in past month,324,Seznik Sticky Adhesive Thermal Paper Rolls
https://www.amazon.in/Calendar-Spring-Palette-Illustrated-scheduling/dp/B08P5L2L4S/ref=zg_bs_g_3591015031_d_sccl_18/521-8137478-2842638?psc=1,https://m.media-amazon.com/images/I/51a+ioFn5CL._SX679_.jpg,"Travel Wall Calendar 2026 | The Spring Palette |350 GSM | Hand Illustrated | Contains Sticker Sheet | Gold Wiro | Notes, scheduling and planning",4.5,383,500+ bought in past month,599,Travel Wall Calendar 2026 Spring Palette
https://www.amazon.in/Anujarusiya-Wilderness-watercolor-paintings-Christmas/dp/B0DVRM9KRG/ref=zg_bs_g_3591015031_d_sccl_19/521-8137478-2842638?psc=1,https://m.media-amazon.com/images/I/4129aOVgCfL._SY300_SX300_QL70_FMwebp_.jpg,"2026 Wilderness Wall Calendar |Original Watercolor Nature Illustrations | A3 size with planning space |Imported Thick Paper, Wiro Bound | 1 Sticker sheet | calendar for wall hanging",4.5,351,500+ bought in past month,649,2026 Wilderness Wall Calendar Original Watercolor
https://www.amazon.in/Alicia-Souza-Ultimate-12-Month-Illustrated/dp/B0FPBMZZB3/ref=zg_bs_g_3591015031_d_sccl_13/521-8137478-2842638?psc=1,https://m.media-amazon.com/images/I/31BRBI9-6+L._SY300_SX300_QL70_FMwebp_.jpg,"Alicia Souza 2026 Ultimate Monthly Planner | 12-Month Dated Planner with Monthly & Yearly Spreads, Sticker Sheets, Pocket Folder & Illustrated Tabs | Perfect New Year Gift",4.5,"2,029",500+ bought in past month,399,Alicia Souza 2026 Ultimate Monthly Planner
https://www.amazon.in/Doodle-Undated-Yearly-Planner-Notecards/dp/B0DDCMTYN8/ref=zg_bs_g_3591015031_d_sccl_12/521-8137478-2842638?psc=1,https://m.media-amazon.com/images/I/71utdUh9fmL._SY879_.jpg,DOODLE B5 Undated Yearly Planner - Start Anytime of the Year | 208 Pages | 12 Monthly Planners | 16 Activity Pages | 240 Sticker | 4 Notecards | 4 Quote Cards - (Flowing Thoughts),4.6,399,500+ bought in past month,499,Doodle B5 Undated Yearly Planner Start
https://www.amazon.in/NEORAH-Notebook-Hardcover-Completely-journaling/dp/B09J8YRX4T/ref=zg_bs_g_3591019031_d_sccl_30/521-8137478-2842638?psc=1,https://m.media-amazon.com/images/I/41QSzKQp33L._SY300_SX300_QL70_FMwebp_.jpg,NEORAH—A5 Dot Grid Classic Notebook -110 Gsm (210x148mm)-Hardcover Dotted Journal| Include Silk Book Marks |BackPocket |Sticker Label |Office Notebook Journal 160pages|Completely HANDMADE (DARK GREEN),4.6,"1,577",50+ bought in past month,499,Neorah A5 Dot Grid Classic Notebook
https://www.amazon.in/Lumio-Projector-Downscaling-Avoidance-Bluetooth/dp/B0FF5H4PGD/ref=zg_bs_g_3591018031_d_sccl_12/521-8137478-2842638?psc=1,https://m.media-amazon.com/images/I/719ChY6aQ6L._SX679_.jpg,"Lumio Arc 5 Projector | Official Google TV & Netflix | 1080p Full HD | 4K Downscaling via HDMI | 200 ANSI Lumens | 100"" Screen | Auto Keystone, Obstacle Avoidance | Dolby Audio | Bluetooth Speaker",4.4,222,50+ bought in past month,"18,499",Lumio Arc 5 Projector Official Google
https://www.amazon.in/Lifelong-CineMagic-Projector-Supports-Classroom/dp/B0FCSDS3PV/ref=zg_bs_g_3591018031_d_sccl_11/521-8137478-2842638?psc=1,https://m.media-amazon.com/images/I/71K9VT50jnL._SX679_.jpg,"Lifelong CineMagic 100 Inch Projector Screen | Supports 4K Ultra HD & 3D | White Matte Fabric | Manual Map Type | Home Theatre Cinema, Classroom, Office | 80 x 60 in, 4:3 Ratio (16:9 Also Compatible)",4.5,28,50+ bought in past month,"1,799",Lifelong Cinemagic 100 Inch Projector Screen
https://www.amazon.in/Sun-Monthly-Calendar-Festival-Sheeter/dp/B0FRDYSTTK/ref=zg_bs_g_3591015031_d_sccl_29/521-8137478-2842638?psc=1,https://m.media-amazon.com/images/I/71TGIz4zVmL._SY879_.jpg,"Sun Prints Tamil Monthly Sheet Wall Calendar 2026, Indian Festival Theme, 6 Sheeter, 100GSM Art Paper, Large (19x28 inch), Design No. 04 (Pack of 1)",4.8,20,50+ bought in past month,299,Sun Prints Tamil Monthly Sheet Wall
https://www.amazon.in/AccuPrints%C2%AE-Calendar-Planner-A5-Hanging-wall/dp/B08PBH24PK/ref=zg_bs_g_3591015031_d_sccl_16/521-8137478-2842638?psc=1,https://m.media-amazon.com/images/I/51DyVSAPIOL.jpg,AccuPrints® Wall Calendar 2026 Planner-Size (14 x 20) inch For Office Home Table New Year Hanging Kids (35.5 x 50) cm- (Desert wall),3.8,128,50+ bought in past month,239,Accuprints Wall Calendar 2026 Planner Size
https://www.amazon.in/Papboo-Planner-Printed-Sheets-Finished/dp/B0D45L2R7X/ref=zg_bs_g_3591015031_d_sccl_10/521-8137478-2842638?psc=1,https://m.media-amazon.com/images/I/51E0vighN6L._SX679_.jpg,"Papboo Easy to Carry To-Do List, Planner, Check list With 80 Printed Sheets Matte Finished Cover (Sky Blue)",4.4,212,50+ bought in past month,156,Papboo Easy To Carry To Do
https://www.amazon.in/GIRI-Lakshmi-Calendar-Daily-Sheet/dp/B0FRY23Z97/ref=zg_bs_g_3591015031_d_sccl_6/521-8137478-2842638?psc=1,https://m.media-amazon.com/images/I/81lnBELXy4L._SY879_.jpg,GIRI Lakshmi Calendar 2026 (Daily Sheet) - Tamil (C9),4.2,7,50+ bought in past month,70,Giri Lakshmi Calendar 2026 Daily Sheet
https://www.amazon.in/Tallenge-Calendar-Loving-Vincent-Artworks/dp/B0G1662736/ref=zg_bs_g_3591015031_d_sccl_3/521-8137478-2842638?psc=1,https://m.media-amazon.com/images/I/91QPWlJPTcL._SY879_.jpg,"Tallenge - 2026 Wall Calendar - Loving Vincent - Vincent van Gogh Artworks - 12 x 17 Inches for Home & Office (Paper, Wall Calendar)",5,8,50+ bought in past month,599,Tallenge 2026 Wall Calendar Loving Vincent
https://www.amazon.in/myPAPERCLIP-Planner-Calendar-Monthly-Overview/dp/B0FMQ938PF/ref=zg_bs_g_3591015031_d_sccl_30/521-8137478-2842638?psc=1,https://m.media-amazon.com/images/I/711yf1oPZvL._SX679_.jpg,"myPAPERCLIP 2026 Weekly Planner | A5 Size | Hard Cover | 192 Pages, 80 GSM | Flat Lay | Yearly Calendar, Monthly Overview & Weekly Planner Layout | Black",4.2,25,50+ bought in past month,625,Mypaperclip 2026 Weekly Planner A5 Size
https://www.amazon.in/UB-Unity-Brand-Multipurpose-Double/dp/B0FJLQL4TW/ref=zg_bs_g_3591020031_d_sccl_11/521-8137478-2842638?psc=1,,"Multipurpose Double Sided Tape Heavy Duty - Adhesive Silicone Tape, Heat Resistant, Multi-Functional, Removable, Washable, Reusable Anti-Slip Gel Nano Grip Tape- 3 Meter",4.3,"1,396",4K+ bought in past month,229,Multipurpose Double Sided Tape Heavy Duty
https://www.amazon.in/Zulaxy-Adhesive-Transparent-Multipurpose-Mounting/dp/B0FWYXPWRM/ref=zg_bs_g_3591020031_d_sccl_8/521-8137478-2842638?psc=1,,"Zulaxy Double Sided Tape Heavy Duty for Wall, Strong Adhesive Transparent Nano Tape 3 Meter | Multipurpose Mounting Tape for Home, Office & Car Without Peeling Paint (Pack of 1)",4,188,4K+ bought in past month,209,Zulaxy Double Sided Tape Heavy Duty
https://www.amazon.in/Tizum-Mouse-Pad-Anti-Slip-Spill-Resistant/dp/B08QJJCY2Q/ref=zg_bs_g_3591020031_d_sccl_7/521-8137478-2842638?psc=1,https://m.media-amazon.com/images/I/81ha67yYQuL._SX679_.jpg,"Tizum Mouse Pad Computer Mouse Mat with Anti-Slip Rubber Base & Smooth Mouse Control with Spill-Resistant Surface for Laptop, Notebook, MacBook Pro, Gaming Computer (9.4*7.9 Inches), Beta (Multicolor)",4.3,"7,700",4K+ bought in past month,89,Tizum Mouse Pad Computer Mouse Mat
https://www.amazon.in/STRIFF-Extended-Stitched-Non-Slip-Computer/dp/B0CXDN7V9N/ref=zg_bs_g_3591020031_d_sccl_1/521-8137478-2842638?psc=1,https://m.media-amazon.com/images/I/61s6d6BxW4L._SX679_.jpg,STRIFF World Map Extended Size (800 mm x 300 mm x 2 mm) Gaming Mouse Pad| Desk Mat | Stitched Edges| Non-Slip Rubber Base|Computer Laptop|Keyboard Mouse Pad for Office & Home (World Map),4.4,"23,386",4K+ bought in past month,199,Striff World Map Extended Size 800
https://www.amazon.in/Kitchen-Bloom-Drawing-Pencils-Pastels/dp/B0DSLRJZ5C/ref=zg_bs_g_3591019031_d_sccl_19/521-8137478-2842638?psc=1,https://m.media-amazon.com/images/I/81NDx8+J+jL._SX679_.jpg,"Art Set for Kids, 145 Pieces Drawing Kit with Colour Pencils, Oil Pastels, Paint Brushes, Unicorn Theme Art Set",4.1,709,4K+ bought in past month,863,Art Kids 145 Pieces Drawing Kit
https://www.amazon.in/KLIFFOO-Sketching-Calligraphy-Permanent-Colouring/dp/B0CG28N5VQ/ref=zg_bs_g_3591019031_d_sccl_8/521-8137478-2842638?psc=1,https://m.media-amazon.com/images/I/812eD452vbL._SX679_.jpg,"Dual Tip Colorful Art Markers Sketch Pens 24 Colors With Carrying Case For Painting Sketching Calligraphy Drawing -Twin Head Permanent Colouring Marker Pens For Kids Adult, Multicolor (24)",3.9,"3,189",4K+ bought in past month,273,Dual Tip Colorful Art Markers Sketch
https://www.amazon.in/Doms-Doodling-Illustrations-Calligraphy-Professioanls/dp/B0BL3X9Q4Q/ref=zg_bs_g_3591019031_d_sccl_3/521-8137478-2842638?psc=1,,Doms Pastel Brush Pens (14 Shades | 12 + 1 + 1) (Pack of 1),4.4,"7,512",4K+ bought in past month,175,Doms Pastel Brush Pens 14 Shades
https://www.amazon.in/SaleOn-Portable-Organizer-Earphone-Travel-Black/dp/B0CP2K2XN8/ref=zg_bs_g_3591018031_d_sccl_1/521-8137478-2842638?psc=1,https://m.media-amazon.com/images/I/814GTqb4fEL._SX679_.jpg,"SaleOn 8.3X5 inch Portable Storage Organizer for USB Cable, Earphone, Power Bank,Charger, Hard Disk & Digital Gadgets, with Mesh Pockets Size Inside's Material and Color May Vary",4.2,"2,466",4K+ bought in past month,296,Saleon 8 3X5 Inch Portable Storage
https://www.amazon.in/SPS-Colored-Report-File-Interviews/dp/B0F8NZLJPD/ref=zg_bs_g_3591020031_d_sccl_30/521-8137478-2842638?psc=1,https://m.media-amazon.com/images/I/81cFrUw31ML._SX679_.jpg,"SPS Colored Report File – Set of 10 | Plastic File for A4 Documents | for Office, School & Home | Holds Up to 150 Sheets | Best for Interviews and Reports",4.4,224,400+ bought in past month,248,Sps Colored Report File 10 Plastic
https://www.amazon.in/Amazon-Basics-Pointer-Battery-Included/dp/B0CTZW9DZ5/ref=zg_bs_g_3591020031_d_sccl_24/521-8137478-2842638?psc=1,https://m.media-amazon.com/images/I/51E4LuiuOuL._SX679_.jpg,"Amazon Basics Green Laser Pointer Party Pen with Disco Lights, Up to 15 Meters Range, and 2 AAA Cells (Battery Not Included)",3.9,"1,101",400+ bought in past month,349,Amazon Basics Green Laser Pointer Party
https://www.amazon.in/CodersParadise-F1-Formula-Stickers-Journal/dp/B0BRG2V58V/ref=zg_bs_g_3591020031_d_sccl_7/521-8137478-2842638?psc=1,https://m.media-amazon.com/images/I/91tBzUTsvuL._SX679_.jpg,"Pack of 60 F1 Formula One Racing Vinyl Self-Adhesive Stickers for Laptop, Journal, Diary, Guitar, Mobile Case - Waterproof Residue Free Multicolor Stickers - 3 Inches for Metal, Glass",4.3,"1,986",400+ bought in past month,254,60 F1 Formula One Racing Vinyl
https://www.amazon.in/uni-ball-Posca-Markers-Black-Pack/dp/B0858X1632/ref=zg_bs_g_3591019031_d_sccl_27/521-8137478-2842638?psc=1,https://m.media-amazon.com/images/I/418zbNW3WVL._SX679_.jpg,"UNI-BALL Posca 1 MR Markers Wide Point (Black Ink, Pack Of 1)",4.2,709,400+ bought in past month,0,Uni Ball Posca 1 Mr Markers
https://www.amazon.in/HP-Printer-Extended-Warranty-coverage-Print/dp/B0BN1S41VH/ref=zg_bs_g_3591018031_d_sccl_21/521-8137478-2842638?psc=1,https://m.media-amazon.com/images/I/61N0LLFld0L._SX679_.jpg,"HP Smart Tank 580 All-in-One WiFi Colour Printer | 1 Extra Black Ink Bottle | 1+1 Year Extended Warranty on Registration| Up to 8000 Black & 6000 Colour Prints I Print,Scan & Copy for Office/Home",4,"4,643",400+ bought in past month,"14,499",Hp Smart Tank 580 All In
https://www.amazon.in/Brother-HL-L2440DW-Printer-Display-Installation/dp/B0D86RH9K2/ref=zg_bs_g_3591018031_d_sccl_15/521-8137478-2842638?psc=1,https://m.media-amazon.com/images/I/61MNRCsaVcL._SX679_.jpg,"Brother HL-L2440DW(New Launch)Auto Duplex Monochrome Laser Printer,30 PPM Print Speed,LCD Display,64 MB Memory,(WiFi Direct LAN USB),250 Sheet Paper Tray,3000 Pages Inbox Toner,Free Installation,Black",4.4,366,400+ bought in past month,"13,399",Brother Hl L2440Dw Launch Auto Duplex
https://www.amazon.in/Proffisy-Cartridge-Compatible-Printers-M1218nfs/dp/B07H2YR4G1/ref=zg_bs_g_3591018031_d_sccl_9/521-8137478-2842638?psc=1,https://m.media-amazon.com/images/I/61l89+eMMFL._SX679_.jpg,"proffisy 88A Toner Cartridge, CC388A Toner Compatible with HP Laserjet Printers P1007,P1106,P1108,P1008,M1213nf MFP,M1136 MFP,M126nw MFP,M1216,M1218nfs, M128fw MFP,M128fn MFP,M226DW,M202DW-1 PCS",4.2,"4,290",400+ bought in past month,689,Proffisy 88A Toner Cartridge Cc388A Toner
https://www.amazon.in/Calendar-Monthly-Aesthetic-Canning-Eco-Friendly/dp/B0DY1LPQ26/ref=zg_bs_g_3591015031_d_sccl_20/521-8137478-2842638?psc=1,https://m.media-amazon.com/images/I/817pXnZgdML._SX679_.jpg,"GKD Paper Desk Calendar 2026 with Wooden Stand | Monthly Flip Calendar for Office, Home & Study Table | Aesthetic Floral Theme | Canning Jar Shaped | Eco-Friendly & Durable",4.4,12,400+ bought in past month,280,Gkd Paper Desk Calendar 2026 Wooden
https://www.amazon.in/GIFT-KYA-Motivational-Lifetime-Infinite/dp/B0837S74FR/ref=zg_bs_g_3591015031_d_sccl_17/521-8137478-2842638?psc=1,https://m.media-amazon.com/images/I/71axcJLkLIL._SX679_.jpg,"Gift Kya De Wooden Lifetime Infinite Desk Calendar 2026 | Motivational Quote 3D Table Calendar for Office & Home | New Year Gift, Corporate Gift Calendar | Desk Decor (Key)",4.2,359,400+ bought in past month,419,Gift Kya De Wooden Lifetime Infinite
https://www.amazon.in/Nextone-Malayala-Manorama-Calendar-Hanging/dp/B0DLKBKM6M/ref=zg_bs_g_3591015031_d_sccl_11/521-8137478-2842638?psc=1,https://m.media-amazon.com/images/I/91zw8IOKZkL._SX679_.jpg,Malayala Manorama Calendar 2026 Manorama Office Calendar 2026 (Pack of 1) Malayalam Calendar 2026 Malayalam Wall Hanging Calendar 2026 New Year Calendar 2026 Planner 2026 Malayalam Calendar 2026 (Pack of 1),4.5,81,400+ bought in past month,159,Malayala Manorama Calendar 2026 Manorama Calendar
https://www.amazon.in/LAURET-BLANC-12Months-Paperback-Believed/dp/B0C7M7N4YJ/ref=zg_bs_g_3591015031_d_sccl_7/521-8137478-2842638?psc=1,https://m.media-amazon.com/images/I/51f0kHu5qrL._SY300_SX300_QL70_FMwebp_.jpg,"LAURET BLANC 12Months Undated Planner, 12 Monthly Spreads, 52 Weekly Spreads, Habit Tracker, Utility Pages, Paperback (She Believed She Could So She Did)",4.4,"1,303",400+ bought in past month,199,Lauret Blanc 12Months Undated Planner 12
https://www.amazon.in/Scotch-Double-Foam-Tape-24/dp/B00N1U9AJS/ref=zg_bs_g_3591020031_d_sccl_13/521-8137478-2842638?psc=1,https://m.media-amazon.com/images/I/71UIipcRouL._SX679_.jpg,"Scotch 3M Double Sided Tape (1m holds 4.5Kgs) for indoor hanging applications (Photo frames, Mirrors, Key Holders, Extension Boards, Wall decoration, etc)(L: 3m, W: 24mm)",3.9,"23,947",3K+ bought in past month,156,Scotch 3M Double Sided Tape 1M
https://www.amazon.in/Cello-Whitemate-Whiteboard-Markers-Multicolored/dp/B07S2XJVLD/ref=zg_bs_g_3591019031_d_sccl_28/521-8137478-2842638?psc=1,https://m.media-amazon.com/images/I/41m8K4Ef2LL._SY300_SX300_QL70_FMwebp_.jpg,Cello Whitemate Whiteboard BoldMarkers | Set of 6 | Assorted Ink Colours | Whiteboard Marker with Easily Erasable Ink | Refillable Whiteboard Markers Markers,4.2,"11,645",3K+ bought in past month,0,Cello Whitemate Whiteboard Boldmarkers 6 Assorted
https://www.amazon.in/Navneet-Soft-Bound-Long-Note/dp/B07GWSP98R/ref=zg_bs_g_3591019031_d_sccl_24/521-8137478-2842638?psc=1,https://m.media-amazon.com/images/I/51CS-Y+utkL._SY300_SX300_QL70_FMwebp_.jpg,YOUVA Navneet Soft Bound Long Book/Soft cover Notebook for Students | Single Line | 172 Pages | Pack of 6 | Regular Size 17 cm x 27 cm,4.2,"1,811",3K+ bought in past month,0,Youva Navneet Soft Bound Long Book
https://www.amazon.in/Oddy-Snapshot-Coated-Glossy-Inkjet/dp/B00TS87SL4/ref=zg_bs_g_3591019031_d_sccl_23/521-8137478-2842638?psc=1,https://m.media-amazon.com/images/I/714a+L1t+QL._SX679_.jpg,"Oddy 180 GSM A4 Size Glossy Photo Paper – Water Proof, Instant Drying, Pack of 50 Sheets, Compatible with Inkjet Printer",4.1,"1,901",3K+ bought in past month,0,Oddy 180 Gsm A4 Size Glossy
https://www.amazon.in/Sunflower-Multicolour-Multi-surface-Non-Cracking-Earthenware/dp/B00LXTFMRS/ref=zg_bs_g_3591019031_d_sccl_16/521-8137478-2842638?psc=1,https://m.media-amazon.com/images/I/41F2ZOpEHvL._SY300_SX300_QL70_FMwebp_.jpg,"Fevicryl Acrylic Colours Sunflower Kit | 10 Colours x 15 ml | DIY Paint, Rich Pigment | Multicolour & Multi-surface | Non-Cracking Paint for Canvas, Wood, Leather, Earthenware, Metal",4.4,"14,028",3K+ bought in past month,0,Fevicryl Acrylic Colours Sunflower Kit 10
https://www.amazon.in/Hauser-Retractable-Minimalistic-Viscosity-Durable/dp/B0D534FGC1/ref=zg_bs_g_3591019031_d_sccl_15/521-8137478-2842638?psc=1,https://m.media-amazon.com/images/I/61SLtJn0fNL._SX679_.jpg,"Hauser XO RT Retractable Ball Pen | Sleek Body & Minimalistic Design | Matt Finish & Solid Body Type | Low Viscosity Ink With Ultra Durable Tip | Blue Ink, Set Of 10",4.4,"1,581",3K+ bought in past month,100,Hauser Xo Rt Retractable Ball Pen
https://www.amazon.in/Eclet-Painting-Brushes-Professional-Watercolor/dp/B0CKW9P9Z7/ref=zg_bs_g_3591019031_d_sccl_14/521-8137478-2842638?psc=1,https://m.media-amazon.com/images/I/51Z8TXINh7L._SY300_SX300_QL70_FMwebp_.jpg,Eclet Craft Painting Brushes Set of 12 Professional Round Pointed Tip Nylon Hair Artist Acrylic Paint Brush for Acrylic/Watercolor/Oil Painting(N),4,"2,028",3K+ bought in past month,199,Eclet Craft Painting Brushes 12 Professional
https://www.amazon.in/Scotch-6-inches-Stainless-Multi-Purpose-Scissor/dp/B078KLYH4T/ref=zg_bs_g_3591019031_d_sccl_13/521-8137478-2842638?psc=1,https://m.media-amazon.com/images/I/61HaSwsqltL._SX679_.jpg,"3M Scotch Scissors | 6"" Multipurpose | Comfort Grip Handle and Stainless Steel Blades | Paper, Photos, Crafts",4.4,"6,888",3K+ bought in past month,0,3M Scotch Scissors 6 Multipurpose Comfort
https://www.amazon.in/FLAIR-Minimalistic-Aesthetic-Effortless-Writing/dp/B0D816QSDV/ref=zg_bs_g_3591019031_d_sccl_11/521-8137478-2842638?psc=1,https://m.media-amazon.com/images/I/51GIeLAOF1L._SY300_SX300_QL70_FMwebp_.jpg,"FLAIR Move Gel Pen | Minimalistic & Aesthetic Matt Finish Pastel Body Colors | Effortless Writing With Sleek Clip Design | Blue Ink, Set Of 10",4.4,"2,136",3K+ bought in past month,100,Flair Move Gel Pen Minimalistic Aesthetic
https://www.amazon.in/GRANOTONE-Acrylic-Artists-Yellowing-Painters/dp/B08WWM2FXX/ref=zg_bs_g_3591019031_d_sccl_9/521-8137478-2842638?psc=1,https://m.media-amazon.com/images/I/514iJ--Ed0L._SX679_.jpg,GRANOTONE Artist's High Gloss Varnish for Acrylic Painting Wood Art 100 ml Non Yellowing Non Toxic Top Coat for Artistic Paints,4.2,"4,685",3K+ bought in past month,192,Granotone Artist S High Gloss Varnish
https://www.amazon.in/Casio-FX-991ES-Plus-2nd-Scientific-Calculator/dp/B0846D5CBP/ref=zg_bs_g_3591018031_d_sccl_12/521-8137478-2842638?psc=1,https://m.media-amazon.com/images/I/61IujYL0JTL._SX679_.jpg,Casio FX-991ES Plus-2nd Edition Scientific Calculator,4.5,"13,784",3K+ bought in past month,"1,395",Casio Fx 991Es Plus 2Nd Edition
https://www.amazon.in/Casio-MJ-12D-Desktop-Calculator-Grey/dp/B0752LL57V/ref=zg_bs_g_3591018031_d_sccl_5/521-8137478-2842638?psc=1,https://m.media-amazon.com/images/I/611slw6gynL._SX679_.jpg,"Casio MJ-12D 150 Steps Check and Correct Desktop Financial Calculator, Black",4.5,"13,868",3K+ bought in past month,466,Casio Mj 12D 150 Steps Check
https://www.amazon.in/SHOPO-LABEL-Stainless-Dictionary-Multicolour/dp/B0836ZKXHZ/ref=zg_bs_g_3591020031_d_sccl_27/521-8137478-2842638?psc=1,https://m.media-amazon.com/images/I/71h+6Q9hqgL._SX679_.jpg,Book Locker Dictionary Stainless Steel Hidden Safe Jewellery Box/Cash Locker for Home and Office (18 x 12 x 5.5 cm) (Multicolour),4,"2,068",300+ bought in past month,542,Book Locker Dictionary Stainless Steel Hidden
https://www.amazon.in/V-CUBE-DESIGNS-Reversible-Deskspread-SplashProof/dp/B0C2CC2FYR/ref=zg_bs_g_3591020031_d_sccl_25/521-8137478-2842638?psc=1,,"Premium Vegan Leather Desk Mat 90X45cm 2.4mm Thick&Padded|Laptop Mat/Extended Mouse Pad/Stitched, Reversible, Sturdy Deskspread with High Tear/Peel Strength|Anti-Slip,Splash-Proof|Blue",4.4,827,300+ bought in past month,799,Premium Vegan Leather Desk Mat 90X45Cm
https://www.amazon.in/Eduway-Magnetic-Writing-Reverse-Surface/dp/B088WL983M/ref=zg_bs_g_3591020031_d_sccl_9/521-8137478-2842638?psc=1,https://m.media-amazon.com/images/I/71JLbAsTswL._SX679_.jpg,"Eduway 1.5x2 Feet Kunj Non-Magnetic Double-Sided White Board and Chalkboard Combo with 1 Marker and 1 Duster | Ideal Use for Home, Office, with Sliding Hanging Clips, Robust Aluminum Frame (59x41cm)",4.1,967,300+ bought in past month,599,Eduway 1 5X2 Feet Kunj Non
https://www.amazon.in/Zesta-Magnetic-Bookmarks-Aesthetic-Cartoon/dp/B0DB8DS6CH/ref=zg_bs_g_3591020031_d_sccl_4/521-8137478-2842638?psc=1,https://m.media-amazon.com/images/I/519JbAPeGgL._SX679_.jpg,"Zesta 3D Cute Magnetic Bookmark Gifts for Book Lovers | Book Marks for Book Lovers | Bookmarks Aesthetic for Books | Cartoon Magnetic Bookmarks (HP+Coffee, Medium)",4,395,300+ bought in past month,278,Zesta 3D Cute Magnetic Bookmark Gifts
https://www.amazon.in/BOUND-FOUND-100-Grid-Notebook/dp/B0B94PZMSZ/ref=zg_bs_g_3591019031_d_sccl_22/521-8137478-2842638?psc=1,https://m.media-amazon.com/images/I/51lnxNtO5fL._SY300_SX300_QL70_FMwebp_.jpg,100 GSM A5 Dot Grid Journal: 160 Pages (Do More Of What You Love),4.6,"1,343",300+ bought in past month,179,100 Gsm A5 Dot Grid Journal
https://www.amazon.in/GadgetBite-Travel-Cable-Storage-Bag/dp/B0DFCTGV7C/ref=zg_bs_g_3591018031_d_sccl_28/521-8137478-2842638?psc=1,https://m.media-amazon.com/images/I/61JkwR40wVL._SX679_.jpg,"GadgetBite Travel Cable Storage Pouch PVC Bag Compact Clear Organizer for Chargers, Earphones & Data Cables Portable Storage Solution for Travel, Transparent Data Cable Management (White)",4.1,503,300+ bought in past month,197,Gadgetbite Travel Cable Storage Pouch Pvc
https://www.amazon.in/Alifiya-Nylon-Printer-Cover-L3210/dp/B09Q159MYB/ref=zg_bs_g_3591018031_d_sccl_20/521-8137478-2842638?psc=1,https://m.media-amazon.com/images/I/71OhyPffkiL._SX679_.jpg,ALIFIYA Nylon Dust Proof Washable Printer Cover for Epson L3210 / L3252 / L3256 / L3250 / L3215 / L3151 All-in-One Ink Tank Color - Black,4.2,643,300+ bought in past month,278,Alifiya Nylon Dust Proof Washable Printer
https://www.amazon.in/DailyObjects-Accessories-Organizer-Portable-Organiser/dp/B08YK6G58Q/ref=zg_bs_g_3591018031_d_sccl_19/521-8137478-2842638?psc=1,https://m.media-amazon.com/images/I/61UMEJCLYUL._SX679_.jpg,"DailyObjects Travel Digital Accessories Storage Bag | Portable Gadget Organizer Case | Regular Zippered Tech Kit Organizer Pouch For Memory Cards - Blue, Canvas, 21 Centimeters",4.1,281,300+ bought in past month,899,Dailyobjects Travel Digital Accessories Storage Bag
https://www.amazon.in/amazon-basics-Electronic-Accessories-Waterproof/dp/B0C3RB3959/ref=zg_bs_g_3591018031_d_sccl_18/521-8137478-2842638?psc=1,,"amazon basics Travel Organiser for Electronic Accessories, Flexible Padded Dividers, Waterproof, Foam Padding, for Cables, Chargers, Hard Disk, Power Bank",3.9,760,300+ bought in past month,379,Amazon Basics Travel Organiser Electronic Accessories
https://www.amazon.in/Swaggers-Thermal-Paper-Roll-57mmx25/dp/B075YHWL3H/ref=zg_bs_g_3591018031_d_sccl_13/521-8137478-2842638?psc=1,https://m.media-amazon.com/images/I/41zx4sv23eL._SX679_.jpg,swaggers Thermal Paper/Billing Machine/POS Machine Rolls 2 inch- 57mm(Width) x 25 meter(Length) with fine class black colour printing (Pack Of 10 Rolls),4,"1,334",300+ bought in past month,299,Swaggers Thermal Paper Billing Machine Pos
https://www.amazon.in/Print-Page-TN-2365-Compatible-DCP-L2541DW/dp/B09RG51853/ref=zg_bs_g_3591018031_d_sccl_5/521-8137478-2842638?psc=1,,"TN-2365 Toner Cartridge Compatible for Printers HL-L2321D, L2361DN, L2366DW, L2320d, DCP-L2541DW, L2520D, MFC-L2701D, L2701DW (TN-2365 - 1 pc)",4.3,578,300+ bought in past month,679,Tn 2365 Toner Cartridge Compatible Printers
https://www.amazon.in/Foxin-Toner-Cartridge-Q2612A-Laserjet/dp/B07KNM95JK/ref=zg_bs_g_3591018031_d_sccl_28/521-8137478-2842638?psc=1,https://m.media-amazon.com/images/I/7124KVJ0mlL._SX679_.jpg,"Foxin FTC 12A Laser Printer Toner Cartridge Compatible with HP 1020, M1005, 1018, 1010, 1012, 1015, 1022, 1022N, 1022NW, 3015, 3020, 3030, 3050, 3050Z, 3052, 3055, Canon LBP2900/2900B/3000 | 303/FX9",4,"7,040",300+ bought in past month,599,Foxin Ftc 12A Laser Printer Toner
https://www.amazon.in/Seznik-Thermal-50mmx25mm-Self-Adhesive-Printer/dp/B0DNFH3WM7/ref=zg_bs_g_3591018031_d_sccl_26/521-8137478-2842638?psc=1,https://m.media-amazon.com/images/I/41TQVXSQuaL._SY300_SX300_QL70_FMwebp_.jpg,"SEZNIK Thermal Lables, 50mmx25mm Label Roll Paper, 2 inch Self-Adhesive Thermal Paper For Thermal Printer [Printer NOT Included] (White - 50mmx25mm - Thermal Label Roll-Pack Of 5), 250 Labels",4.3,272,300+ bought in past month,311,Seznik Thermal Lables 50Mmx25Mm Label Roll
https://www.amazon.in/GPS-Toner-Cartridge-Printers-Q2612A/dp/B01F7KXXMO/ref=zg_bs_g_3591018031_d_sccl_19/521-8137478-2842638?psc=1,https://m.media-amazon.com/images/I/61I0ak9GrlL._SX679_.jpg,"GPS Colour Your Dreams 12A (Q2612A) Black Laser Toner Cartridge, Compatible for HP Laserjet 1010, 1012, 1018, 1020, 3050, M1005 MFP & Canon LBP 2900 Printers (1pcs)",4,"7,098",300+ bought in past month,589,Gps Colour Your Dreams 12A Q2612A
https://www.amazon.in/Mahalaxmi-Calendar-%E0%A4%B6%E0%A5%8D%E0%A4%B0%E0%A5%80-%E0%A4%AE%E0%A4%B9%E0%A4%BE%E0%A4%B2%E0%A4%95%E0%A5%8D%E0%A4%B7%E0%A5%8D%E0%A4%AE%E0%A5%80-%E0%A4%A6%E0%A4%BF%E0%A4%A8%E0%A4%A6%E0%A4%B0%E0%A5%8D%E0%A4%B6%E0%A4%BF%E0%A4%95%E0%A4%BE/dp/B0G1S1QX9V/ref=zg_bs_g_3591015031_d_sccl_30/521-8137478-2842638?psc=1,https://m.media-amazon.com/images/I/815K0Ed6ISL._SX679_.jpg,Marathi Mahalaxmi Calendar 2026 | श्री महालक्ष्मी दिनदर्शिका 2026 | Shri Mahalaxmi Marathi Calendar 2026 – Shri Mahalaxmi Shastrashuddha Sampurn Varshik Panchang 2026 | With Sanatan.Foundation Free Bracelet,3,1,300+ bought in past month,130,Marathi Mahalaxmi Calendar 2026 2026 Shri
https://www.amazon.in/MFM-TOYS-Fridge-Write-Erase-Planner/dp/B07KDSKXG9/ref=zg_bs_g_3591015031_d_sccl_24/521-8137478-2842638?psc=1,,MFM TOYS Fridge Magnet Meal Planner Write-Erase A4 Size Planner Board! (Meal Planner (Weekly)),4.1,"1,237",300+ bought in past month,240,Mfm Toys Fridge Magnet Meal Planner
https://www.amazon.in/Reflections-Spring-Palette-Illustrated-Motivational/dp/B09MH5MNH4/ref=zg_bs_g_3591015031_d_sccl_7/521-8137478-2842638?psc=1,https://m.media-amazon.com/images/I/51grcmrRAcL._SX679_.jpg,"Life Reflections Wall Calendar 2026 | The Spring Palette |350 GSM | Hand Illustrated | Contains Sticker Sheet | Gold Wiro | Notes, scheduling and planning | Motivational Calendar",4.6,287,300+ bought in past month,599,Life Reflections Wall Calendar 2026 Spring
https://www.amazon.in/KALP-Undated-Stickers-Magnetic-Bookmark/dp/B0CZ3V3M25/ref=zg_bs_g_3591015031_d_sccl_5/521-8137478-2842638?psc=1,https://m.media-amazon.com/images/I/81QI0whhv6L._SY879_.jpg,"KALP Undated Daily Journal Planner KIT with Pocket Diary, 2 Posters, 300+Stickers, Magnetic Bookmark - Hard Bound, 80 GSM - 304 pages, Weekly Spreads, Monthly View, Habit & Budget Tracker (RETRO)",4.2,231,300+ bought in past month,"1,371",Kalp Undated Daily Journal Planner Kit
https://www.amazon.in/Alicia-Souza-Everyday-Happiness-Illustrated/dp/B0FPBDVMYX/ref=zg_bs_g_3591015031_d_sccl_1/521-8137478-2842638?psc=1,https://m.media-amazon.com/images/I/71FzYYNMNTL._SX679_.jpg,"Alicia Souza 2026 Everyday Happiness Wall Calendar | Illustrated Monthly Planner for Home & Office | A3 Size Wall Art | Premium Thick Paper, Wiro Bound | Perfect New Year Gift",4.5,"1,004",300+ bought in past month,999,Alicia Souza 2026 Everyday Happiness Wall
https://www.amazon.in/Happiness-Planner-Sticker-Undated-Activity/dp/B0BC3YMR7L/ref=zg_bs_g_3591015031_d_sccl_20/521-8137478-2842638?psc=1,https://m.media-amazon.com/images/I/81hd3yL8IDL._SY879_.jpg,"Doodle Undated Yearly Planner (A5, Wiro Bound Hard Cover) | 216 Ruled Pages, 80 GSM Paper | Daily, Monthly & Yearly Planner with 100+ Stickers, Activity Pages, Tear-Away Note & Quote Cards, To-Do Lists",4.5,"1,567",300+ bought in past month,299,Doodle Undated Yearly Planner A5 Wiro
https://www.amazon.in/DOODLE-Productivity-Executive-Professionals-Executives/dp/B0FPG49LD9/ref=zg_bs_g_3591015031_d_sccl_3/521-8137478-2842638?psc=1,https://m.media-amazon.com/images/I/81Q1RUScGrL._SX679_.jpg,DOODLE 2026 Productivity Pro Planner Gift Set | A5 Executive Planner (288 Pages) + Desk Calendar + Activity Book + 4 Sticker Sheets + Mobile Stand | Smart Gift Box for Professionals & Executives,4.4,664,300+ bought in past month,649,Doodle 2026 Productivity Pro Planner Gift
https://www.amazon.in/Sounce-Antifray-Stitched-Embroidery-Non-Slip/dp/B0BSR2N5W9/ref=zg_bs_g_3591020031_d_sccl_16/521-8137478-2842638?psc=1,https://m.media-amazon.com/images/I/512kJc9mROL._SX679_.jpg,"Sounce Mouse Pad Speed Type Mouse Pad with Antifray Stitched Embroidery Edges, Non-Slip Rubber Base Mousepad for Laptop PC (260mm x 210mm x 2mm) (Black)",4.4,"3,265",2K+ bought in past month,99,Sounce Mouse Pad Speed Type Mouse
https://www.amazon.in/Vemlons-B-7000-Multi-Purpose-Adhesive-Glue/dp/B0F7RGT9PH/ref=zg_bs_g_3591020031_d_sccl_20/521-8137478-2842638?psc=1,,"B-7000 (50ML / 1.68 fl. oz) Multi-Purpose Adhesive Glue – Ideal for Crystal Crafts, Jewelry, Beads, Clothing, Shoes, Fabrics, Screen Repair, Metal, Stone & Glass",4.3,394,2K+ bought in past month,189,B 7000 50Ml 1 68 Fl
https://www.amazon.in/SNDIA-Multicolor-Keyring-Keychain-Pack/dp/B077T3J55W/ref=zg_bs_g_3591020031_d_sccl_16/521-8137478-2842638?psc=1,https://m.media-amazon.com/images/I/71kMiUbltCL._SX679_.jpg,"SNDIA 50 Pcs Key Tag Multicolor Keyring & Keychain With Name Tag Labels Assorted Keychain With Two Side Id Label And Split Ring For Office, Home Key -Plastic",4.2,"8,776",2K+ bought in past month,189,Sndia 50 Key Tag Multicolor Keyring
https://www.amazon.in/Organiser-Glasses-Watering-Station-Stationery/dp/B09N9FGMH7/ref=zg_bs_g_3591020031_d_sccl_12/521-8137478-2842638?psc=1,https://m.media-amazon.com/images/I/51aqm8DHdOL._SX679_.jpg,"eo Pen Stand for Study Table with Self-Watering Plant Pot, Glasses & Smartphone Holder – Desk Organizer & Pencil Holder for Office, Home, Kids, Students, Study Room (Desk Station Black)",4,"1,019",2K+ bought in past month,399,Eo Pen Stand Study Table Self
https://www.amazon.in/Ant-Esports-260X210X3mm-Waterproof-Compatible/dp/B0DSHZLRQB/ref=zg_bs_g_3591020031_d_sccl_6/521-8137478-2842638?psc=1,https://m.media-amazon.com/images/I/71EAZQiRqzL._SX679_.jpg,"Ant Esports Prism Mouse Pad with Anti-fray Stitching, Waterproof Surface & Non-Slip Rubber Base with Stitched Edges Gaming Mouse Mat for Laptop, Compatible with Laser and Optical Mice – Black",4.6,"1,349",2K+ bought in past month,99,Ant Esports Prism Mouse Pad Anti
https://www.amazon.in/Robustt-Transparent-Removable-Traceless-Mounting/dp/B0BCBFH7SB/ref=zg_bs_g_3591020031_d_sccl_5/521-8137478-2842638?psc=1,,"Robustt Double Sided Tape(Pack of 1) 3m x 3 Cm, Heavy Duty, Transparent IVY Grip Tape, Removable Traceless Mounting Best Suited for Wall Tape, Kitchen, Home Dcor & DIY",4,"1,858",2K+ bought in past month,179,Robustt Double Sided Tape 1 3M
https://www.amazon.in/Shuttle-Art-Multifunctional-Customized-StorageIOffice/dp/B0FGCPHCXV/ref=zg_bs_g_3591020031_d_sccl_2/521-8137478-2842638?psc=1,https://m.media-amazon.com/images/I/61eSxaRruML._SX679_.jpg,"Shuttle Art ABS Plastic Desk Organiser with Drawer,Multifunctional Desk Organizer,Customized Desk Organizer with Pencil Holders,Sticky Note,Paperclip StorageIOffice Table Stand for Home/Office(Black)",4,"1,262",2K+ bought in past month,197,Shuttle Art Abs Plastic Desk Organiser
https://www.amazon.in/Cello-Finegrip-Ball-Pen-Set/dp/B074VD1BVV/ref=zg_bs_g_3591019031_d_sccl_28/521-8137478-2842638?psc=1,https://m.media-amazon.com/images/I/61hv2WNHBfL._SY879_.jpg,Cello Finegrip Ball Pen Set - Pack of 25 (Blue),4.1,"23,008",2K+ bought in past month,145,Cello Finegrip Ball Pen 25 Blue
https://www.amazon.in/OFIXO-Sheets-Colored-Origami-Folding/dp/B07SCZB24S/ref=zg_bs_g_3591019031_d_sccl_21/521-8137478-2842638?psc=1,https://m.media-amazon.com/images/I/51sNbRTiZJL._SX679_.jpg,"OFIXO 100 Pieces Colour Sheets Copy Printing Papers/Art and Craft Paper A4 Sheets Double Sided Coloured Origami Folding DIY Craft Smooth Finish Home, School, Office Stationery (10 Sheets each color)",4.2,"24,525",2K+ bought in past month,0,Ofixo 100 Pieces Colour Sheets Copy
https://www.amazon.in/SHUTTLE-ART-Aesthetic-Highlighters-Supplies/dp/B0DBLNFXJ5/ref=zg_bs_g_3591019031_d_sccl_17/521-8137478-2842638?psc=1,https://m.media-amazon.com/images/I/71UT6TfIVXL._SX679_.jpg,SHUTTLE ART 12Pcs Aesthetic Cute Highlighters Bible Pastel Highlighters and Pens no bleed Highlighters for School Supplies and Office Journal DIY Home (Two Side Highlighters Pen) Multicolor,4.1,596,2K+ bought in past month,198,Shuttle Art 12Pcs Aesthetic Cute Highlighters
https://www.amazon.in/Faber-Castell-Grip-Erasable-Crayon-Set/dp/B00E9V2ZPO/ref=zg_bs_g_3591019031_d_sccl_13/521-8137478-2842638?psc=1,https://m.media-amazon.com/images/I/41Td9QJgp9L._SY300_SX300_QL70_FMwebp_.jpg,Faber-Castell Grip Erasable Crayon Set - Pack of 24 (Assorted),4.4,"4,942",2K+ bought in past month,164,Faber Castell Grip Erasable Crayon 24
https://www.amazon.in/DOMS-HEXEL-PEN-BLUE-PCS/dp/B0CRL58RC1/ref=zg_bs_g_3591019031_d_sccl_2/521-8137478-2842638?psc=1,https://m.media-amazon.com/images/I/41rfWZbnYNL._SY300_SX300_QL70_FMwebp_.jpg,DOMS HEXEL PEN BLUE 20 PCS BOX,4.3,"1,354",2K+ bought in past month,99,Doms Hexel Pen Blue 20 Box
https://www.amazon.in/Hauser-Multicolor-Minimalistic-Design-Durable/dp/B0CLDKS9VR/ref=zg_bs_g_3591019031_d_sccl_26/521-8137478-2842638?psc=1,https://m.media-amazon.com/images/I/617GdDHdIHL._SX679_.jpg,Hauser XO Multicolor Gel Pen with Hard Box Case | Sleek Body & Minimalistic Design | Matt Finish | Ultra Durable Tip | Set Of 12 Bright Ink Colors,4.3,"1,954",2K+ bought in past month,150,Hauser Xo Multicolor Gel Pen Hard
https://www.amazon.in/BRUSTRO-Mechanical-Writing-Sketching-Drawing/dp/B0CFDTW992/ref=zg_bs_g_3591019031_d_sccl_7/521-8137478-2842638?psc=1,https://m.media-amazon.com/images/I/617H5l46NOL._SX679_.jpg,"BRUSTRO Mechanical Pencil Set | HB-20 leads, 2B-20 leads,Spare eraser 8 units|Tip size 0.7 mm | Ideal for Students,Adults, Home, School, Office, Stationery Use |Writing, Sketching, Drawing,Mandala Art",4.3,"2,714",2K+ bought in past month,0,Brustro Mechanical Pencil Hb 20 Leads
https://www.amazon.in/SketchO-Natural-Wiro-Bound-Sketchpad-Students/dp/B0BZP6PC25/ref=zg_bs_g_3591019031_d_sccl_6/521-8137478-2842638?psc=1,https://m.media-amazon.com/images/I/81XJ5nTP2iL._SX679_.jpg,Anupam Sketch-O Sketchbook A5 | 50 Sheet 100 Pages | 140GSM | Durable Acid Free Drawing Paper |Top Spiral-Bound Sketchpad for Artists Kids & Professionals for Marker Colored Pencil Charcoal,4.4,"1,859",2K+ bought in past month,150,Anupam Sketch O Sketchbook A5 50
https://www.amazon.in/Lauret-Notebook-Journal-Natural-Shade/dp/B07WLWLVD9/ref=zg_bs_g_3591019031_d_sccl_4/521-8137478-2842638?psc=1,https://m.media-amazon.com/images/I/81p8SX1iHLL._SX679_.jpg,"LAURET BLANC Notebook Journal - A5 Size, 144 Ruled Pages, 90 GSM Natural Shade, Paperback",4.4,"2,659",2K+ bought in past month,0,Lauret Blanc Notebook Journal A5 Size
https://www.amazon.in/Casio-Non-Programmable-Scientific-Calculator-Functions/dp/B00AXHBBXU/ref=zg_bs_g_3591018031_d_sccl_16/521-8137478-2842638?psc=1,https://m.media-amazon.com/images/I/61+56mXx2PL._SX679_.jpg,"Casio FX-82MS 2nd Gen Non-Programmable Scientific Calculator, 240 Functions and 2-line Display",4.4,"13,221",2K+ bought in past month,575,Casio Fx 82Ms 2Nd Gen Non
https://www.amazon.in/Brother-TN-B021-Toner-Cartridge/dp/B07GTDYYHY/ref=zg_bs_g_3591018031_d_sccl_10/521-8137478-2842638?psc=1,https://m.media-amazon.com/images/I/51o8xCJxW9L._SX679_.jpg,Brother Toner TN-B021 Has 2600 Pages Yield Compatible with HL-B2000D HL-B2080DW HL-B2100DB HL-B2180DWB DCP-B7500D DCP-B7535DW DCP-B7600DB DCP-B7640DWB DCP-B7620DWB MFC-B7717DW MFC-B7810DWB,4.2,"2,428",2K+ bought in past month,778,Brother Toner Tn B021 Has 2600
https://www.amazon.in/Zebronics-ZEB-LPC88A-Laser-Toner-Cartridge/dp/B08MC2RWRS/ref=zg_bs_g_3591018031_d_sccl_3/521-8137478-2842638?psc=1,https://m.media-amazon.com/images/I/71HMSUEKQ8L._SX679_.jpg,"ZEBRONICS ZEB-LPC88A Laser Toner Printer Cartridge for HP Laser Jet P1007/P1008/P1106/P1108, Pro M1136/M1213nf/M1216, Pro M202dw / MFP M128/ M226, Black",4.1,"5,224",2K+ bought in past month,399,Zebronics Zeb Lpc88A Laser Toner Printer
https://www.amazon.in/SPS-Exampad-Plastic-Clipboard-Storage/dp/B0G25D8GG2/ref=zg_bs_g_3591020031_d_sccl_26/521-8137478-2842638?psc=1,https://m.media-amazon.com/images/I/81WdhHBd0aL._SX679_.jpg,"SPS Exampad A4 Plastic Clipboard with Built-in Storage and Pen Holder - Ideal for School, Office, Travel - Perfect for Students and Professionals, School and Office - Black",3.5,9,200+ bought in past month,257,Sps Exampad A4 Plastic Clipboard Built
https://www.amazon.in/Deskart-Infinity-Calendar-Stationary-Organizer/dp/B0CSKDJ4R8/ref=zg_bs_g_3591020031_d_sccl_20/521-8137478-2842638?psc=1,https://m.media-amazon.com/images/I/81srA2vDyHL._SX679_.jpg,"Deskart Customizable Wooden Pen Holder with Clock, Calendar, Business Visiting Card and Mobile Stand with Name Engraving | Personalized Stationary Organizer for Office Desk and Study Table",4.4,200,200+ bought in past month,332,Deskart Customizable Wooden Pen Holder Clock
https://www.amazon.in/Print-Page-158X-Cartridge-Laserjet/dp/B0C1ZW6N2L/ref=zg_bs_g_3591018031_d_sccl_30/521-8137478-2842638?psc=1,,"158X Toner Cartridge (Print 5000 Pages) Compatible for LJ Tank Printers 1005w, 1020w, MFP 2606sdw, 1020, 1005, 1602a, 1602w, 1604w, 2602dn, 2602sdn, 2602sdw, 2603dn, 2603sdn (1 pcs)",4.1,353,200+ bought in past month,679,158X Toner Cartridge Print 5000 Pages
https://www.amazon.in/amazon-basics-Laserjet-Cartridges-LBP2900/dp/B0CYLVX485/ref=zg_bs_g_3591018031_d_sccl_27/521-8137478-2842638?psc=1,,amazon basics 12A Laserjet Toner Cartridges | for HPLJ- 1010/1012/1015/1018/1020/1022/1022N/3015/3020/3030/3050/3052/3055/M1005/M1005 MFP/M1319F MFP Can- LBP2900/3000 | Up to 2000 Pages Yield (Black),4.1,599,200+ bought in past month,449,Amazon Basics 12A Laserjet Toner Cartridges
https://www.amazon.in/Thermal-Receipt-BPA-Free-Machines-Registers/dp/B0DW91QG5G/ref=zg_bs_g_3591018031_d_sccl_25/521-8137478-2842638?psc=1,https://m.media-amazon.com/images/I/815D0pMEXNL._SX679_.jpg,"GLUN® 80mm(3 inches) x 25 Meter Thermal Receipt Paper Roll, BPA-Free, Print for POS, Credit Card Machines, Cash Registers (Pack of 10)",4.1,94,200+ bought in past month,0,Glun 80Mm 3 Inches X 25
https://www.amazon.in/Mantra-MIS100V2-Scanner-Portable-Service/dp/B09RSHM8YQ/ref=zg_bs_g_3591018031_d_sccl_23/521-8137478-2842638?psc=1,,Mantra MIS100V2 Single IRIS Scanner Corded Portable Scanner with RD Service,3.9,159,200+ bought in past month,"3,975",Mantra Mis100V2 Single Iris Scanner Corded
https://www.amazon.in/WZATCO-Blaze-Plus-Certified-Projector/dp/B0F8Q7H8PJ/ref=zg_bs_g_3591018031_d_sccl_27/521-8137478-2842638?psc=1,https://m.media-amazon.com/images/I/418ERs0zfUL._SY300_SX300_QL70_FMwebp_.jpg,"WZATCO Yuva Blaze Plus, Netflix Certified, Smart Home Projector 4k Ultra HD, Native 1080P Fully Automatic, 1000 ANSI, HDMI ARC, WiFi 6 & BT, Screen Mirroring, Portable Room Cinema, 270° Rotate, Grey",4.3,794,200+ bought in past month,"17,790",Wzatco Yuva Blaze Plus Netflix Certified
https://www.amazon.in/AccuPrints-Desk-Calendar-Notes-Green-Star/dp/B0DNN75ZDD/ref=zg_bs_g_3591015031_d_sccl_28/521-8137478-2842638?psc=1,,AccuPrints® Desk Calendar 2026 Planner-A5 Size (5.8 x 8.2) inch For Office Home Table New Year Hanging Kids (14 x 20.5) cm- (Green Star Desk),4.2,34,200+ bought in past month,188,Accuprints Desk Calendar 2026 Planner A5
https://www.amazon.in/AccuPrints-Desk-Calendar-Notes-Green-Flower/dp/B0DNN5C999/ref=zg_bs_g_3591015031_d_sccl_15/521-8137478-2842638?psc=1,,AccuPrints® Desk Calendar 2026 Planner-A5 Size (5.8 x 8.2) inch For Office Home Table New Year Hanging Kids (14 x 20.5) cm- (Green Flower Desk),4,20,200+ bought in past month,249,Accuprints Desk Calendar 2026 Planner A5
https://www.amazon.in/Papboo-Calendar-Wooden-Office-Scenery/dp/B0FXG1SRKJ/ref=zg_bs_g_3591015031_d_sccl_12/521-8137478-2842638?psc=1,https://m.media-amazon.com/images/I/617nBGfUy8L._SX679_.jpg,"Papboo 2026 A6 Size Desk Calendar with Wooden Easel Stand, Ideal for Home, Office & New Year Gifts(Scenery)",4.8,9,200+ bought in past month,249,Papboo 2026 A6 Size Desk Calendar
https://www.amazon.in/Hippie-Toobi-Planner-Priorities-Standard/dp/B0DKP5964W/ref=zg_bs_g_3591015031_d_sccl_9/521-8137478-2842638?psc=1,https://m.media-amazon.com/images/I/71iJ7QTCliL._SX679_.jpg,Weekly Planner with Habit Tracker & Undated To-Do List Notepad for Priorities & Goals | Spiral Bound 54 Sheets (Weekly Planner Standard),4.6,102,200+ bought in past month,450,Weekly Planner Habit Tracker Undated To
https://www.amazon.in/MOMENTUM-PLANNER-Productivity-Motivational-stickers/dp/B0CQVRZTCP/ref=zg_bs_g_3591015031_d_sccl_27/521-8137478-2842638?psc=1,https://m.media-amazon.com/images/I/71ggQdymf-L._SX679_.jpg,"2026 Undated A5 Productivity Journal, 192 Pages | Daily, Weekly & Monthly Planner Kit with Motivational Stickers & Postcard, Navy Blue",4.5,276,200+ bought in past month,350,2026 Undated A5 Productivity Journal 192
https://www.amazon.in/COI-Aesthetic-Calendar-Planning-Organizing/dp/B0FZXNVJD6/ref=zg_bs_g_3591015031_d_sccl_25/521-8137478-2842638?psc=1,https://m.media-amazon.com/images/I/41ki-EYj1ML._SY300_SX300_QL70_FMwebp_.jpg,COI Aesthetic Dated 2026 Wall Calendar Perfect Large Modern Calendar Planning for Easy Organizing 12 x17 inch 12 sheet,4.1,172,200+ bought in past month,209,Coi Aesthetic Dated 2026 Wall Calendar
https://www.amazon.in/LAURET-BLANC-Undated-Paperback-Planted/dp/B0DH3BT7JZ/ref=zg_bs_g_3591015031_d_sccl_18/521-8137478-2842638?psc=1,https://m.media-amazon.com/images/I/61DWrrPdulL._SY300_SX300_QL70_FMwebp_.jpg,"LAURET BLANC 12 Months Floral Undated Planner, 12 Monthly Spreads, 52 Weekly Spreads, Habit Tracker, Utility Pages, Paperback (Bloom Where You Are Planted.)",4.6,60,200+ bought in past month,189,Lauret Blanc 12 Months Floral Undated
https://www.amazon.in/Kangaro-Essentials-Staples-Standard-Mechanism/dp/B08GJRTS2H/ref=zg_bs_g_3591020031_d_sccl_29/521-8137478-2842638?psc=1,https://m.media-amazon.com/images/I/61+byUwEwEL._SX679_.jpg,"Kangaro Desk Essentials HD-10D & 10/1M Staples Combo | Standard Stapler with Quick Loading Mechanism | Sturdy & Durable for Long Time Use | Color May Vary, Pack of 1",4.4,"1,241",1K+ bought in past month,0,Kangaro Desk Essentials Hd 10D 10
https://www.amazon.in/Kangaro-DP-480-Punch-Machine/dp/B07NY2VDTX/ref=zg_bs_g_3591020031_d_sccl_23/521-8137478-2842638?psc=1,,Kangaro Desk Essentials DP-480 2 Hole Heavy Duty Metal Paper Punch | Removable Chip Tray | 12 Sheets Capacity | Office Essentials | Pack of 1 | Color May Vary,4.5,"1,256",1K+ bought in past month,0,Kangaro Desk Essentials Dp 480 2
https://www.amazon.in/3M-Scotch-Packaging-Tape-Pack/dp/B01CSGVBV0/ref=zg_bs_g_3591020031_d_sccl_22/521-8137478-2842638?psc=1,https://m.media-amazon.com/images/I/71nXZEQQiEL._SX679_.jpg,"Scotch 3M BOPP Packaging Brown Tape (Tan) | 48mm x 50 Meter | Pack of 2 | for Packaging, Decorating and DIY",4.3,"3,460",1K+ bought in past month,0,Scotch 3M Bopp Packaging Brown Tape
https://www.amazon.in/BARROT-Cleaning-Designed-Edgeless-Microfiber/dp/B0D5VXP81X/ref=zg_bs_g_3591020031_d_sccl_21/521-8137478-2842638?psc=1,https://m.media-amazon.com/images/I/61MhsQRIe4L._SX679_.jpg,"BARROT Essentials Mini Device Cleaning Kit | Includes 50ml Non-Alcohol Screen Cleaner, 3 x High-Precision Brushes & 20x20CM Plush Microfiber",4.1,154,1K+ bought in past month,269,Barrot Essentials Mini Device Cleaning Kit
https://www.amazon.in/rts-2019-2020-Presenter-Powerpoint-Controller/dp/B07XZJ93MG/ref=zg_bs_g_3591020031_d_sccl_18/521-8137478-2842638?psc=1,https://m.media-amazon.com/images/I/61ONwSh6aCL._SX679_.jpg,rts 2024-2025 Wireless Presenter Laser Power Point PPT Presenter Slide Changer Controller with USB Receiver for Mac/Computer/Laptop Windows Mac PC Presentation Clicker for Keynote/PPT/Google Slides,4.4,"2,269",1K+ bought in past month,490,Rts 2024 2025 Wireless Presenter Laser
https://www.amazon.in/GLUN-Vinyl-Black-Labels-Stickers/dp/B0DPFQYZHH/ref=zg_bs_g_3591020031_d_sccl_14/521-8137478-2842638?psc=1,https://m.media-amazon.com/images/I/71x0zmLeGHL._SX679_.jpg,"GLUN 100 Piece Waterproof Vinyl Black Labels Stickers for Mason Jar Glass & Plastic Bottles, 100 Labels Piece Stickers with 1 Piece White Pencil, Self-Adhesive Spice",4.4,496,1K+ bought in past month,199,Glun 100 Piece Waterproof Vinyl Black
https://www.amazon.in/Sounce-Ergonomic-Comfortable-Non-Slip-Washable/dp/B0BSNRF2MZ/ref=zg_bs_g_3591020031_d_sccl_12/521-8137478-2842638?psc=1,https://m.media-amazon.com/images/I/51BGIG9mlPL._SX679_.jpg,"Sounce Mouse Pad, Ergonomic Mouse Pad with Comfortable Gel Wrist Rest Support and Lycra Cloth, Non-Slip PU Base for Easy Typing Pain Relief, Durable and Washable, Classic (Black)",4.1,"1,650",1K+ bought in past month,148,Sounce Mouse Pad Ergonomic Mouse Pad
https://www.amazon.in/Transparent-Document-File-Folders-Closure/dp/B0F4QTRZS6/ref=zg_bs_g_3591020031_d_sccl_10/521-8137478-2842638?psc=1,https://m.media-amazon.com/images/I/81mH2Osyh1L._SX679_.jpg,"GLUN® A4 Transparent Document File Folders with Button Closure – Set of 5 Poly Envelope File Folders, Waterproof Plastic Paper Organizer for Office, School, Bills & Certificates (Black)",4.1,284,1K+ bought in past month,219,Glun A4 Transparent Document File Folders
https://www.amazon.in/Waterproof-Stickers-Residue-Bottles-Kitchen/dp/B0DYNLMLFV/ref=zg_bs_g_3591020031_d_sccl_3/521-8137478-2842638?psc=1,https://m.media-amazon.com/images/I/61PH9oKehML._SX679_.jpg,"GLUN ® 200 Pcs Waterproof Pearl White Vinyl Stickers Self Adhesive (No Residue) with Black Marker for Mason Jars Glass Bottles, Decals Craft, Kitchen Jar Labels Bottle Stickers 25x50mm",4.4,211,1K+ bought in past month,138,Glun 200 Waterproof Pearl White Vinyl
https://www.amazon.in/Pointer-Rechargeable-Powerful-Presentation-Stargazing/dp/B0DS2GYXFN/ref=zg_bs_g_3591020031_d_sccl_2/521-8137478-2842638?psc=1,,"Ruaal Green Laser Pointer High Power | Smart USB Rechargeable Laser Light Pen | Laser Light Powerful Long Range 5000m Beam | Laser Pointer for Presentation, Stargazing, Outdoor Use",4.3,604,1K+ bought in past month,678,Ruaal Green Laser Pointer High Power
https://www.amazon.in/Notebook-MacBook-Computer-Anti-Skid-Mousepad/dp/B08QJHYHH9/ref=zg_bs_g_3591020031_d_sccl_1/521-8137478-2842638?psc=1,https://m.media-amazon.com/images/I/716P3SrdlIL._SX679_.jpg,"Tizum Mouse Pad/Computer Mouse Mat with Anti-Slip Rubber Base | Smooth Mouse Control | Spill-Resistant Surface for Laptop, Notebook, MacBook, Gaming, Laser/Optical Mouse, 9.4”x 7.9”, Multicolored",4.4,"4,449",1K+ bought in past month,89,Tizum Mouse Pad Computer Mouse Mat
https://www.amazon.in/Ant-Esports-Stitched-Waterproof-Non-Slip/dp/B0B9HDXBTR/ref=zg_bs_g_3591020031_d_sccl_30/521-8137478-2842638?psc=1,https://m.media-amazon.com/images/I/91lKGkGXsoL._SX679_.jpg,"Ant Esports MP290 Gaming Mouse Pad-L- Large with Stitched Edges, Waterproof Non-Slip Base for Gaming & Office – Black",4.4,"2,724",1K+ bought in past month,189,Ant Esports Mp290 Gaming Mouse Pad
https://www.amazon.in/Amazon-Basics-Expanding-Pockets-Documents/dp/B0CW9VDNZY/ref=zg_bs_g_3591020031_d_sccl_27/521-8137478-2842638?psc=1,https://m.media-amazon.com/images/I/61zz0xwzvVL._SX679_.jpg,"Amazon Basics Expanding File Folder with 13 Pockets, Letter Size, Also Fits A4 Size Documents (Black)",4.3,"49,949",1K+ bought in past month,309,Amazon Basics Expanding File Folder 13
https://www.amazon.in/True-Ally-Direct-Thermal-Barcode-Sticker/dp/B09S1CT7N5/ref=zg_bs_g_3591020031_d_sccl_24/521-8137478-2842638?psc=1,https://m.media-amazon.com/images/I/31rVCzh6wLL.jpg,True-Ally 50x25 Direct Thermal Barcode Label Sticker - 2 x 1 inches - 50mm x 25mm - 1000 Labels Per Roll - White Self Adhesive Sticker for Printing Barcoding (1 Roll per Pack (1000 Labels)),4.2,"1,325",1K+ bought in past month,159,True Ally 50X25 Direct Thermal Barcode
https://www.amazon.in/Dyazo-Anti-Slip-Extended-Resistant-Computer/dp/B0CZ7378GS/ref=zg_bs_g_3591020031_d_sccl_21/521-8137478-2842638?psc=1,https://m.media-amazon.com/images/I/71UsxJaDjxL._SX679_.jpg,Dyazo Large World Map Anti-Slip Extended Desk Mat| Mouse Pad | Water Resistant Mat for Laptop| Computer Size 800 x 300 x 3 mm (Black No Logo),4.4,"1,770",1K+ bought in past month,289,Dyazo Large World Map Anti Slip
https://www.amazon.in/SPS-Transparent-Poly-Plastic-Documents-Certificate/dp/B083DXLF85/ref=zg_bs_g_3591020031_d_sccl_19/521-8137478-2842638?psc=1,https://m.media-amazon.com/images/I/81952ZN30vL._SX679_.jpg,"SPS File Folder, Transparent Poly-Plastic A4/Foolscap Documents File Storage Bag with Snap Button Set of 5/Certificate File Folder",4.4,"1,275",1K+ bought in past month,296,Sps File Folder Transparent Poly Plastic
https://www.amazon.in/AIPL-Masking-Tape-Carpenter-Labelling/dp/B0BX9W6K87/ref=zg_bs_g_3591020031_d_sccl_17/521-8137478-2842638?psc=1,https://m.media-amazon.com/images/I/51wADb0w1EL._SY679_.jpg,"Masking Tape - 20 Meter Length 48 MM / 2"" Inch - 2 Rolls Per Pack - Easy Tear Tape, Best for Carpenter, Labelling, Painting and leaves no residue after a peel.",4.3,"1,469",1K+ bought in past month,133,Masking Tape 20 Meter Length 48
https://www.amazon.in/YAJNAS-Whiteboard-Sticker-Self-Adhesive-Waterproof/dp/B0DMK5GJZY/ref=zg_bs_g_3591020031_d_sccl_15/521-8137478-2842638?psc=1,https://m.media-amazon.com/images/I/71c2gTplnTL._SX679_.jpg,"YAJNAS 45x200 CM Whiteboard Sticker for Kids, Home, School & Office, Self-Adhesive Removable, Waterproof White Board Sticker Perfect for Writing & Drawing on Smooth Surfaces -1.5 x 6.5 Ft",4,"16,924",1K+ bought in past month,299,Yajnas 45X200 Cm Whiteboard Sticker Kids
https://www.amazon.in/DailyObjects-Anti-Skid-Anti-Slip-Reversible-Extended/dp/B08NXD7MHC/ref=zg_bs_g_3591020031_d_sccl_9/521-8137478-2842638?psc=1,https://m.media-amazon.com/images/I/61YKz5THoxL._SX679_.jpg,DailyObjects Large Premium Vegan Leather Desk Mat|Anti-Skid|Anti-Slip|85*45cm|Reversible Desk spread Turf Desk/Laptop Mat for Work from Home/Office/Gaming- Extended mouse pad and keyboard desk pad-Tan,4.4,"2,932",1K+ bought in past month,749,Dailyobjects Large Premium Vegan Leather Desk
https://www.amazon.in/KADAM-DISTRIBUTERS-Fabric-Colours-Pouches/dp/B0842QZHX1/ref=zg_bs_g_3591019031_d_sccl_30/521-8137478-2842638?psc=1,https://m.media-amazon.com/images/I/71HPo7mGObL._SX679_.jpg,Kadam Pakka Rang Permanent Fabric Dye | Shade 17: Black | 10 Dye Sachets + 5 DyFix Color Fixer Sachets | Cloth Colour Powder for Clothes,4,"2,409",1K+ bought in past month,265,Kadam Pakka Rang Permanent Fabric Dye
https://www.amazon.in/Parker-Vector-Camouflage-Gift-Set/dp/B0746N6WML/ref=zg_bs_g_3591019031_d_sccl_29/521-8137478-2842638?psc=1,https://m.media-amazon.com/images/I/61TUWw3WpUL._SX679_.jpg,Parker Gift Set| Vector Camouflage Roller Ball Pen Gift Set | Pen with 1 Ink Cartridge & Keychain | Ink Color Blue | Premium set crafted for Gifting,4.3,"3,246",1K+ bought in past month,0,Parker Gift Vector Camouflage Roller Ball
https://www.amazon.in/Non-Toxic-Watercolour-Sketch-Plastic-Assorted/dp/B095CKW3PK/ref=zg_bs_g_3591019031_d_sccl_26/521-8137478-2842638?psc=1,https://m.media-amazon.com/images/I/41EwhU1AF-S._SY300_SX300_QL70_FMwebp_.jpg,"DOMS Aqua 24 Shades Watercolour Sketch Pen Set | Unique Push Resistant Tip With Bright & Intense Colors | Non-Toxic & Safe For Kids | Colourful Sketching, Doodling & Mandala Art | Pack of 1",4.4,"1,711",1K+ bought in past month,0,Doms Aqua 24 Shades Watercolour Sketch
https://www.amazon.in/UNI-BALL-UB150-0-5mm-Roller-Ball/dp/B00J4LA9TI/ref=zg_bs_g_3591019031_d_sccl_18/521-8137478-2842638?psc=1,https://m.media-amazon.com/images/I/413feBvEPdL._SY300_SX300_QL70_FMwebp_.jpg,"UNI-BALL Eye UB150 0.5mm Roller Ball Pen | Blue Ink, Pack of 3",4.5,"2,619",1K+ bought in past month,0,Uni Ball Eye Ub150 0 5Mm
https://www.amazon.in/BRUSTRO-Artists-Charcoal-Pencil-Sketching/dp/B0DR58Q4GC/ref=zg_bs_g_3591019031_d_sccl_16/521-8137478-2842638?psc=1,https://m.media-amazon.com/images/I/815ujoQPVFL._SX679_.jpg,"BRUSTRO Artists Charcoal Pencil - Set of 4 (3 Black Shade - Soft, Medium, Hard and 1 White - Medium) | Ideal for Drawing, Shading, Coloring, Sketching, Artwork, Portrait, Landscape, Smooth Blending",4.1,560,1K+ bought in past month,108,Brustro Artists Charcoal Pencil 4 3
https://www.amazon.in/ALCRAFT-Leather-Green-Embossed-Handmade/dp/B07FLX68R6/ref=zg_bs_g_3591019031_d_sccl_15/521-8137478-2842638?psc=1,https://m.media-amazon.com/images/I/41ktBH3s1hL._SY300_SX300_QL70_FMwebp_.jpg,ALCRAFT Real Leather Green Stone Brown Embossed Handmade Diary with Metal Lock -Size of (H) 6*(L) 4.5 Brown,4.2,"4,080",1K+ bought in past month,0,Alcraft Real Leather Green Stone Brown
https://www.amazon.in/WISHKEY-150-Art-Set-Multicolor/dp/B0DB1M75VQ/ref=zg_bs_g_3591019031_d_sccl_14/521-8137478-2842638?psc=1,https://m.media-amazon.com/images/I/81MNqk3nw7L._SX679_.jpg,"WISHKEY 150 Pieces Art Set for Kids with Case, Art and Craft Supplies Kit for Drawing and Painting, Color Set with Markers, Water Colors, Brush, Color Pencils, Crayons (Pack of 1, Black)",3.9,652,1K+ bought in past month,379,Wishkey 150 Pieces Art Kids Case
https://www.amazon.in/Classmate-Premium-Subject-Spiral-Notebook/dp/B00LZLQ0TS/ref=zg_bs_g_3591019031_d_sccl_11/521-8137478-2842638?psc=1,https://m.media-amazon.com/images/I/61PfZjdRFpL._SX679_.jpg,"Classmate Pulse 6 Subject Notebook - Unruled, 300 Pages, Spiral Binding, 267mm*203mm",4.4,"5,786",1K+ bought in past month,140,Classmate Pulse 6 Subject Notebook Unruled
https://www.amazon.in/Gift-Wrapping-Paper-Sheet-Multicolor/dp/B0C349FTJK/ref=zg_bs_g_3591019031_d_sccl_10/521-8137478-2842638?psc=1,https://m.media-amazon.com/images/I/91N9CndXRfL._SX679_.jpg,"Birch & Co. Gift Wrapping Paper Sheet - Premium Design Paper for Packing, Mix, Pack of 6, Multicolor",4.4,"1,606",1K+ bought in past month,199,Birch Co Gift Wrapping Paper Sheet
https://www.amazon.in/Camlin-Scholar-Pro-Geometry-Box/dp/B0DCP56BH5/ref=zg_bs_g_3591019031_d_sccl_8/521-8137478-2842638?psc=1,https://m.media-amazon.com/images/I/41ttF7YxcEL._SY300_SX300_QL70_FMwebp_.jpg,Camlin Scholar Pro Geometry Box - 12-Piece Set | Premium Geometry Box Kit for School kids | Ideal for Learning and Precision | Pack of 1,4.4,"3,240",1K+ bought in past month,0,Camlin Scholar Pro Geometry Box 12
https://www.amazon.in/Corslet-Supplies-Beginners-Professional-Sketching/dp/B0D794K8NC/ref=zg_bs_g_3591019031_d_sccl_6/521-8137478-2842638?psc=1,,Corslet 28 Pc Drawing Pencils Sketch Pencil Set Art Supplies Set for Kids Adults Beginners Professional Sketching Kit Art Graphite Charcoal Pencil Blending Stump Drawing Kit Shading Pencils Set,4.4,452,1K+ bought in past month,0,Corslet 28 Drawing Pencils Sketch Pencil
https://www.amazon.in/Cello-ColourUp-Stationery-Mechanical-CEL1011581/dp/B08KB2CPBP/ref=zg_bs_g_3591019031_d_sccl_4/521-8137478-2842638?psc=1,https://m.media-amazon.com/images/I/81LlDO5EDpL._SX679_.jpg,"Cello ColourUp Hobby Bag | Colouring Kit includes Crayons, Colour Pencils, Sketch Pens & Activity Book | Travel Friendly Back Pack Bag | Ideal for Kids Gifting, Assorted",4.3,"18,668",1K+ bought in past month,415,Cello Colourup Hobby Bag Colouring Kit
https://www.amazon.in/UNI-BALL-Reversible-Washable-Painting-Scrapbooking/dp/B08538ZPS4/ref=zg_bs_g_3591019031_d_sccl_29/521-8137478-2842638?psc=1,https://m.media-amazon.com/images/I/41MtVjQPZ6L._SX679_.jpg,"UNI-BALL Posca 5M 1.8 mm -2.5 mm Bullet Shaped Marker Pen, White Ink, Pack of 1",4.3,"2,180",1K+ bought in past month,0,Uni Ball Posca 5M 1 8
https://www.amazon.in/WISHKEY-Unicorn-Storage-Supplies-Painting/dp/B0DCBC28SG/ref=zg_bs_g_3591019031_d_sccl_27/521-8137478-2842638?psc=1,https://m.media-amazon.com/images/I/81QYaJKdJCL._SX679_.jpg,"WISHKEY 145 Pieces Art Set for Kids with Unicorn Theme Storage Case, Art and Craft Supplies Kit for Drawing and Painting with Oil Pastel, Water Color, Color Pencils, Sketch Pen (Pack of 1, Pink)",4.2,482,1K+ bought in past month,879,Wishkey 145 Pieces Art Kids Unicorn
https://www.amazon.in/ALDIVO-Planner-Office-Student-Corporate/dp/B0FT4R96VY/ref=zg_bs_g_3591019031_d_sccl_25/521-8137478-2842638?psc=1,https://m.media-amazon.com/images/I/41ZZhFJY3IL._SY300_SX300_QL70_FMwebp_.jpg,"Paper Cover Hard Bound New Year Diary 2026 | A5 Size 365 Days Daily Planner Diary with Dates and Month Cut Index For Office, Student & Corporate (AD611)",4.1,47,1K+ bought in past month,279,Paper Cover Hard Bound Year Diary
https://www.amazon.in/Fevicryl-Multicolour-Multi-surface-Non-Cracking-Earthenware/dp/B0DDQDQ1YW/ref=zg_bs_g_3591019031_d_sccl_21/521-8137478-2842638?psc=1,https://m.media-amazon.com/images/I/51CMczSrR8L._SX679_.jpg,"Fevicryl Acrylic Colours Pastel Kit | 10 Colours x 15 ml | DIY Paint, Rich Pigment | Multicolour & Multi-surface | Non-Cracking Paint for Canvas, Wood, Leather, Earthenware, Metal",4.6,"2,922",1K+ bought in past month,270,Fevicryl Acrylic Colours Pastel Kit 10
https://www.amazon.in/Fevicryl-Non-Craking-Earthenware-Projects-hobbyists/dp/B072M7G51S/ref=zg_bs_g_3591019031_d_sccl_20/521-8137478-2842638?psc=1,https://m.media-amazon.com/images/I/51q6wogTIYL._SX679_.jpg,"Fevicryl Acrylic Colour White 500ml | Art & Craft, DIY, Rich Pigment, Non-Craking Paint for Canvas, Wood, Leather, Earthenware, Metal | Ideal for school projects, Hobbyists, Artists",4.5,"10,902",1K+ bought in past month,0,Fevicryl Acrylic Colour White 500Ml Art
https://www.amazon.in/doodle-WRITING-Initial-lasercut-Notebook/dp/B07DL9VPKV/ref=zg_bs_g_3591019031_d_sccl_18/521-8137478-2842638?psc=1,https://m.media-amazon.com/images/I/71lDoPQHPdL._SY879_.jpg,"DOODLE Initial A Premium Soft Bound Notebook Diary for Girls and Women (B6, 80 GSM, 192 Ruled Pages) Floral Design",4.3,"5,822",1K+ bought in past month,293,Doodle Initial Premium Soft Bound Notebook
https://www.amazon.in/BRUSTRO-Drawing-Mandala-Students-Writing/dp/B08YJNS8XC/ref=zg_bs_g_3591019031_d_sccl_17/521-8137478-2842638?psc=1,https://m.media-amazon.com/images/I/41zAfxBhseL._SY300_SX300_QL70_FMwebp_.jpg,"BRUSTRO White Gel Pen | Tip size -1 mm|Pack of 3 | Ideal for Students and Adults, Drawing, Mandala Arts, Students, Office Use, Writing, Pen Set",4.3,"2,160",1K+ bought in past month,136,Brustro White Gel Pen Tip Size
https://www.amazon.in/Casio-MJ-120D-Electronic-Calculator/dp/B00K32PEW4/ref=zg_bs_g_3591018031_d_sccl_30/521-8137478-2842638?psc=1,https://m.media-amazon.com/images/I/61DcPlgUZOL._SX679_.jpg,Casio MJ-120D 150 Steps Check and Correct Desktop Calculator with Tax Keys,4.4,"5,874",1K+ bought in past month,527,Casio Mj 120D 150 Steps Check
https://www.amazon.in/Epson-EcoTank-L3252-Wi-Fi-Printer/dp/B09KGV4PYS/ref=zg_bs_g_3591018031_d_sccl_25/521-8137478-2842638?psc=1,,Epson EcoTank L3252 Wi-Fi All-in-One Ink Tank Printer (Black),4,"3,592",1K+ bought in past month,"13,799",Epson Ecotank L3252 Wi Fi All
https://www.amazon.in/Pointer-Rechargeable-Powerful-Presentation-Stargazing/dp/B0DS2GYXFN/ref=zg_bs_g_3591018031_d_sccl_24/521-8137478-2842638?psc=1,,"Ruaal Green Laser Pointer High Power | Smart USB Rechargeable Laser Light Pen | Laser Light Powerful Long Range 5000m Beam | Laser Pointer for Presentation, Stargazing, Outdoor Use",4.3,604,1K+ bought in past month,678,Ruaal Green Laser Pointer High Power
https://www.amazon.in/Biometric-Fingerprint-Authentication-Securety-scanning/dp/B0CYLY84VF/ref=zg_bs_g_3591018031_d_sccl_23/521-8137478-2842638?psc=1,https://m.media-amazon.com/images/I/714YkuCvMyL._SX679_.jpg,"Mantra MFS 110 L1 Biometric Single Fingerprint Scanner, Aadhaar Authentication Device | Latest Updated RD Service | High Securety and Fast scanning | Reliable and Durable",3.4,578,1K+ bought in past month,"2,699",Mantra Mfs 110 L1 Biometric Single
https://www.amazon.in/DZOPE-Green-Laser-Presentation-Light/dp/B0DSG8G1FV/ref=zg_bs_g_3591018031_d_sccl_18/521-8137478-2842638?psc=1,https://m.media-amazon.com/images/I/61TpiFccFYL._SX679_.jpg,"Ultra Powerful Green Laser Pointer Pen, 1000 FT Range with Adjustable Cap for Presentation, Long Range Laser Beam with Extra Disco Light Effect, Ideal for Project Design and Professional Use_",4.5,215,1K+ bought in past month,219,Ultra Powerful Green Laser Pointer Pen
https://www.amazon.in/Casio-FX-991CW-Non-Programmable-Scientific-Calculator/dp/B0BLVCFK8D/ref=zg_bs_g_3591018031_d_sccl_9/521-8137478-2842638?psc=1,https://m.media-amazon.com/images/I/61rHPXzwAKL._SX679_.jpg,Casio FX-991CW Classwiz Non-Programmable Scientific Calculator,4.5,"2,629",1K+ bought in past month,"1,404",Casio Fx 991Cw Classwiz Non Programmable
https://www.amazon.in/Canon-Pixma-E470-Inkjet-Printer/dp/B01LAPARWY/ref=zg_bs_g_3591018031_d_sccl_8/521-8137478-2842638?psc=1,,"Canon PIXMA E470 All in One (Print, Scan, Copy) WiFi Ink Efficient Colour Printer for Home",3.8,"12,353",1K+ bought in past month,"4,599",Canon Pixma E470 All In One
https://www.amazon.in/SEZNIK-Bluetooth-Business-Compatible-LD0801-GREY/dp/B0CVF9YPPD/ref=zg_bs_g_3591018031_d_sccl_7/521-8137478-2842638?psc=1,,"SEZNIK Josh Bluetooth Thermal Label Printer | Inkless Mini Rechargeable | MRP, Barcode, Excel File Printing | Cloud, Mobile, Desktop | Jewellery, Round Labels | Up to 2-inch Print | 1 Year Warranty",4.6,883,1K+ bought in past month,"2,978",Seznik Josh Bluetooth Thermal Label Printer
https://www.amazon.in/GATE-Atom-3X-Automatic-Projector/dp/B0F6K264BY/ref=zg_bs_g_3591018031_d_sccl_6/521-8137478-2842638?psc=1,https://m.media-amazon.com/images/I/71BoB+5wXXL._SX679_.jpg,"E GATE Atom 3X Projector 4k ultra HD, Full HD 1080p Native, Automatic Home Projector for Room | 300 ISO | Rotatable Design | Android Netflix, Prime | ARC-HDMI, USB, Wifi-6, BT, Screen Mirroring, Egate",4.1,"5,621",1K+ bought in past month,"7,290",E Gate Atom 3X Projector 4K
https://www.amazon.in/Elfora-Organizer-Organiser-Chargers-Accessories/dp/B0DVGK4PJZ/ref=zg_bs_g_3591018031_d_sccl_4/521-8137478-2842638?psc=1,https://m.media-amazon.com/images/I/61AjYAjuSfL._SX679_.jpg,"Elfora Cable Organizer Pouch | Travel Organiser Bag | Double Layer Storage for USB Cables, Chargers, Earphone, Power Bank, Hard disc & Other Accessories | Durable Nylon Case with Mesh Pockets (Black)",4.3,788,1K+ bought in past month,289,Elfora Cable Organizer Pouch Travel Organiser
https://www.amazon.in/WZATCO-Yuva-Go-Projector-Rotatable/dp/B0D6N9NHLD/ref=zg_bs_g_3591018031_d_sccl_2/521-8137478-2842638?psc=1,https://m.media-amazon.com/images/I/41gq+wZmINL._SY300_SX300_QL70_FMwebp_.jpg,"WZATCO Yuva Go Android 13.0 Smart Projector, 1080P & 4K Support, Rotatable Design, Auto & 4D Keystone with Netflix, Prime etc, WiFi 6 & BT, Screen Mirroring, ARC, 720P Native, White",4.2,"4,823",1K+ bought in past month,"5,890",Wzatco Yuva Go Android 13 0
https://www.amazon.in/Ramswaroop-Ramnarayan-Panchang-Calendar-Traditional/dp/B0FWKR83XJ/ref=zg_bs_g_3591015031_d_sccl_28/521-8137478-2842638?psc=1,https://m.media-amazon.com/images/I/81pk9k+udrL._SY879_.jpg,"Lala Ramswaroop Ramnarayan Hindi Panchang Calendar 2026, Traditional Hindu calendar 2026",4,14,1K+ bought in past month,114,Lala Ramswaroop Ramnarayan Hindi Panchang Calendar
https://www.amazon.in/Stay-Magical-Gratitude-Schedule-do/dp/B0B8WC4L34/ref=zg_bs_g_3591015031_d_sccl_22/521-8137478-2842638?psc=1,https://m.media-amazon.com/images/I/51N-ypMZCzL._SY300_SX300_QL70_FMwebp_.jpg,"Stay Magical - Undated Daily Planner and Gratitude Journal | Schedule Your Day, Achieve Goals, Manage To-do List | Habit Tracker | 12 Months, 232 Pages + Free Sticker Year - 2026 (Mystic Meadow)",4.7,670,1K+ bought in past month,599,Stay Magical Undated Daily Planner Gratitude
https://www.amazon.in/Accuprints-Calendar-2024-8x8-Standing-Desktop/dp/B08PBGF3TM/ref=zg_bs_g_3591015031_d_sccl_11/521-8137478-2842638?psc=1,,"AccuPrints® Desk Calendar 2026-Size 9.5 x 7.1 inch Standing Desk Calendar,(2026)",4.2,"1,163",1K+ bought in past month,229,Accuprints Desk Calendar 2026 Size 9
https://www.amazon.in/Kaameri-Bazaar-Calendar-inspirational-Scheduling/dp/B0BR26LP2J/ref=zg_bs_g_3591015031_d_sccl_9/521-8137478-2842638?psc=1,https://m.media-amazon.com/images/I/71rkyhUMIOL._SX679_.jpg,"January - December 2026 l Floral Desk Calendar l With inspirational quotes -12 Months l Includes notes section l 170 gsm l Planning, Tracking & Scheduling l Black Wiro",4.4,668,1K+ bought in past month,279,January December 2026 L Floral Desk
https://www.amazon.in/AccuPrints-Planner-Undated-Schedule-Wellness/dp/B0D6YX1CXK/ref=zg_bs_g_3591015031_d_sccl_8/521-8137478-2842638?psc=1,https://m.media-amazon.com/images/I/61khwh2UYPL._SX679_.jpg,"AccuPrints Daily Planner Undated, Schedule Your Day, Manage to-do List, Goals Tracker, Wellness Tracker - 3 Month Planner (Yellow/Get Things Done)",4.3,712,1K+ bought in past month,189,Accuprints Daily Planner Undated Schedule Your
https://www.amazon.in/Calender-Planner-Organizer-A5-Monthly-Section/dp/B08KS6PXFY/ref=zg_bs_g_3591015031_d_sccl_5/521-8137478-2842638?psc=1,,"LAURET BLANC Desk Calendar 2026 Planner and Organizer- B5 Size (7.5"" X 9.25""), Monthly Grid View, Notes Section, Home and Office Calendar",4.4,"1,064",1K+ bought in past month,284,Lauret Blanc Desk Calendar 2026 Planner
https://www.amazon.in/LAURET-BLANC-2024-Calendar-Office/dp/B0CMMPV5X6/ref=zg_bs_g_3591015031_d_sccl_2/521-8137478-2842638?psc=1,https://m.media-amazon.com/images/I/510+uBn7TKL._SY300_SX300_QL70_FMwebp_.jpg,"LAURET BLANC 2026 Wall Calendar -14.75"" X 20"" for Home & Office, Holidays Mentioned, 150GSM Art Paper (H)",4.5,598,1K+ bought in past month,299,Lauret Blanc 2026 Wall Calendar 14
https://www.amazon.in/Amazon-Basics-Locker-Mechanical-Warranty/dp/B0DFM75T3V/ref=zg_bs_g_3591020031_d_sccl_13/521-8137478-2842638?psc=1,https://m.media-amazon.com/images/I/61ocQRLn92L._SX679_.jpg,Amazon Basics 8.6 Litre Heavy Duty Safe Locker with Mechanical Key Lock | Handy & Sleek Design | 1-Year Warranty (Black),3.7,"38,247",100+ bought in past month,"1,899",Amazon Basics 8 6 Litre Heavy
https://www.amazon.in/Improved-Formula-Midnight-3D-Filament/dp/B07121695W/ref=zg_bs_g_3591018031_d_sccl_29/521-8137478-2842638?psc=1,,"WOL3D 1kg 2025 PLA PRO+ 3D Printing Filament – Improved Formula for Enhanced Strength (Midnight Black), Eco-Friendly, Compatible with Most FDM 3D Printers, Made in India.",3.8,908,100+ bought in past month,849,Wol3D 1Kg 2025 Pla Pro 3D
https://www.amazon.in/Casio-MJ-12VCB-WE-Desktop-Calculator-White/dp/B0752LJHFR/ref=zg_bs_g_3591018031_d_sccl_24/521-8137478-2842638?psc=1,https://m.media-amazon.com/images/I/61+ov9rlZyL._SX679_.jpg,Casio MJ-12VCb-WE 300 Steps Check & Correct Colourful Desktop Calculator (White),4.1,"4,586",100+ bought in past month,500,Casio Mj 12Vcb We 300 Steps
https://www.amazon.in/3idea-Filament-Toughness-Dimensional-Accuracy/dp/B0FV7Z2CQ2/ref=zg_bs_g_3591018031_d_sccl_4/521-8137478-2842638?psc=1,https://m.media-amazon.com/images/I/61SRChKxqDL._SX679_.jpg,"3idea Hyper PLA+ HS High Speed 3D Printer Filament, 1.75mm White, 1KG, High Toughness PLA Plus, Dimensional Accuracy ±0.02mm, Premium PLA+ for Smooth & Durable Prints",4.5,18,100+ bought in past month,894,3Idea Hyper Pla Hs High Speed
https://www.amazon.in/BIGASUO-Projector-Supported-Portable-Rotatable/dp/B0FGJLSJ38/ref=zg_bs_g_3591018031_d_sccl_29/521-8137478-2842638?psc=1,https://m.media-amazon.com/images/I/51ugs9kkkDL._SX679_.jpg,"BIGASUO Mini Projector 4K 1080P Supported, 15000 Lumen Portable WiFi 6 Projector,270° Rotatable Projector with 50% Zoom Home/Outdoor Movie Projector for TV Stick/PS5/Phone/HDMI (BGP43)",3.7,"6,397",100+ bought in past month,"2,899",Bigasuo Mini Projector 4K 1080P Supported
https://www.amazon.in/ThinkCraft-Standing-Calendar-2024-2025-Office/dp/B0DLBFMB9B/ref=zg_bs_g_3591015031_d_sccl_27/521-8137478-2842638?psc=1,https://m.media-amazon.com/images/I/71nzSMciJcL._SX679_.jpg,"ThinkCraft New Standing Desk Calendar 2026, 8x6 Desk Calendar, Stand Up Calendar, Office, Easel Calendar, Popup",3.8,6,100+ bought in past month,199,Thinkcraft Standing Desk Calendar 2026 8X6
https://www.amazon.in/Jhingalala-Diary-2026-Believe-Personal/dp/B0G394Z2RV/ref=zg_bs_g_3591015031_d_sccl_26/521-8137478-2842638?psc=1,https://m.media-amazon.com/images/I/61ap2bv4CGL._SX679_.jpg,Jhingalala Diary 2026 - Dream Believe Achieve Printed Hard Bound New Year Planner 2026 | 1 Day to a Page Format | 365 Dates Office & Personal Diary For Men and Women | A5 Size 21x15 cm,5,1,100+ bought in past month,279,Jhingalala Diary 2026 Dream Believe Achieve
https://www.amazon.in/LAURET-BLANC-Organizer-Affirmation-Gratitude/dp/B098PMBF6V/ref=zg_bs_g_3591015031_d_sccl_23/521-8137478-2842638?psc=1,https://m.media-amazon.com/images/I/71ZE6qFedeL._SX679_.jpg,"LAURET BLANC Daily Planner and Organizer, Affirmation and Gratitude Journal- A5, 80 GSM, 160 Pages. Plan for 80 Days.",4.2,"1,261",100+ bought in past month,210,Lauret Blanc Daily Planner Organizer Affirmation
https://www.amazon.in/TINYCHANGE-Organizer-Gratitude-Productivity-Bookmarks/dp/B085RCXFL1/ref=zg_bs_g_3591015031_d_sccl_8/521-8137478-2842638?psc=1,https://m.media-amazon.com/images/I/818kvWHsyXL._SX679_.jpg,TinyChange Undated Classic Life Planner | A5 Size Diary+ 2 Pocket & Meal Planners | Achieve Goals | Gratitude Journal; Habit Tacker| 100+ Activities & Reminders | 400 Stickers| Green Cover,4.3,"3,627",100+ bought in past month,789,Tinychange Undated Classic Life Planner A5
https://www.amazon.in/KAANUKA-Hardbound-Personal-Wellness-Productivity/dp/B0DHVBR6GR/ref=zg_bs_g_3591015031_d_sccl_26/521-8137478-2842638?psc=1,https://m.media-amazon.com/images/I/810R5DmNu+L._SX679_.jpg,"12 Months Undated A5 Journal Daily Planner For Monthly Goals, Weekly Meal, 30 Days Wellness & Habit Tracker, Goal Action, Annual Budget Planner",4.2,262,100+ bought in past month,249,12 Months Undated A5 Journal Daily
https://www.amazon.in/NEORAH-DAILY-Month%E2%80%A252Weeks-Layouts%E2%80%A2Budget%E2%80%A2Habit-Tracker-Productivity-diary-Hardcover/dp/B09M3BND7Z/ref=zg_bs_g_3591015031_d_sccl_1/521-8137478-2842638?psc=1,https://m.media-amazon.com/images/I/91iC0E4iVWL._SX679_.jpg,NEORAH —A5 DATED DAILY Planner 2026 ACCOMPLISH-512 Pages of Yearly•12 Month•52 Week+Hourly•365 Daily Journal Pages•Budget•Habit Tracker-Office Diary Academic-Hardcover[Pen Loop Attachable](EDEN GREEN),4.5,"1,116",100+ bought in past month,999,Neorah A5 Dated Daily Planner 2026